-- MySQL dump 10.13  Distrib 8.0.30, for Win64 (x86_64)
--
-- Host: localhost    Database: vk
-- ------------------------------------------------------
-- Server version	8.0.30

/*!40101 SET @OLD_CHARACTER_SET_CLIENT=@@CHARACTER_SET_CLIENT */;
/*!40101 SET @OLD_CHARACTER_SET_RESULTS=@@CHARACTER_SET_RESULTS */;
/*!40101 SET @OLD_COLLATION_CONNECTION=@@COLLATION_CONNECTION */;
/*!50503 SET NAMES utf8 */;
/*!40103 SET @OLD_TIME_ZONE=@@TIME_ZONE */;
/*!40103 SET TIME_ZONE='+00:00' */;
/*!40014 SET @OLD_UNIQUE_CHECKS=@@UNIQUE_CHECKS, UNIQUE_CHECKS=0 */;
/*!40014 SET @OLD_FOREIGN_KEY_CHECKS=@@FOREIGN_KEY_CHECKS, FOREIGN_KEY_CHECKS=0 */;
/*!40101 SET @OLD_SQL_MODE=@@SQL_MODE, SQL_MODE='NO_AUTO_VALUE_ON_ZERO' */;
/*!40111 SET @OLD_SQL_NOTES=@@SQL_NOTES, SQL_NOTES=0 */;

--
-- Table structure for table `communities`
--

DROP TABLE IF EXISTS `communities`;
/*!40101 SET @saved_cs_client     = @@character_set_client */;
/*!50503 SET character_set_client = utf8mb4 */;
CREATE TABLE `communities` (
  `id` int unsigned NOT NULL AUTO_INCREMENT COMMENT 'Идентификатор сроки',
  `name` varchar(150) CHARACTER SET utf8mb4 COLLATE utf8mb4_unicode_ci NOT NULL COMMENT 'Название группы',
  `created_at` datetime DEFAULT CURRENT_TIMESTAMP COMMENT 'Время создания строки',
  `updated_at` datetime DEFAULT CURRENT_TIMESTAMP ON UPDATE CURRENT_TIMESTAMP COMMENT 'Время обновления строки',
  PRIMARY KEY (`id`),
  UNIQUE KEY `name` (`name`)
) ENGINE=InnoDB AUTO_INCREMENT=101 DEFAULT CHARSET=utf8mb4 COLLATE=utf8mb4_unicode_ci COMMENT='Группы';
/*!40101 SET character_set_client = @saved_cs_client */;

--
-- Dumping data for table `communities`
--

LOCK TABLES `communities` WRITE;
/*!40000 ALTER TABLE `communities` DISABLE KEYS */;
INSERT INTO `communities` VALUES (1,'expedita','1979-05-15 03:42:25','2013-12-28 09:14:39'),(2,'modi','2020-08-01 06:04:32','2022-09-11 18:01:36'),(3,'est','2015-10-17 13:06:40','2022-09-11 18:01:36'),(4,'minima','1993-11-01 18:47:09','2022-09-11 18:01:36'),(5,'odio','1979-05-18 10:42:48','2003-12-03 21:31:04'),(6,'laboriosam','2015-04-30 17:19:56','2022-09-11 18:01:36'),(7,'fugit','2007-06-30 04:30:34','2018-10-20 13:05:51'),(8,'ut','2006-03-23 08:24:43','2022-09-11 18:01:36'),(9,'commodi','2017-04-05 08:44:14','2022-09-11 18:01:36'),(10,'quidem','2010-05-22 22:03:46','2022-09-11 18:01:36'),(11,'omnis','1978-10-26 20:31:00','2000-09-09 23:58:07'),(12,'cumque','2007-01-07 04:54:16','2022-09-11 18:01:36'),(13,'veritatis','2014-04-23 12:16:58','2022-09-11 18:01:36'),(14,'quasi','1988-08-11 16:36:40','1992-01-18 18:50:50'),(15,'voluptas','1999-06-10 20:08:49','2022-09-11 18:01:36'),(16,'quibusdam','1982-07-01 06:10:00','2015-02-05 16:07:06'),(17,'consectetur','1992-09-05 06:07:24','2016-11-01 09:09:04'),(18,'dolores','1999-05-26 13:22:03','2022-09-11 18:01:36'),(19,'cupiditate','2018-11-30 11:43:43','2022-09-11 18:01:36'),(20,'aliquid','2007-08-26 21:54:32','2022-09-11 18:01:36');
/*!40000 ALTER TABLE `communities` ENABLE KEYS */;
UNLOCK TABLES;

--
-- Table structure for table `communities_users`
--

DROP TABLE IF EXISTS `communities_users`;
/*!40101 SET @saved_cs_client     = @@character_set_client */;
/*!50503 SET character_set_client = utf8mb4 */;
CREATE TABLE `communities_users` (
  `community_id` int unsigned NOT NULL COMMENT 'Ссылка на группу',
  `user_id` int unsigned NOT NULL COMMENT 'Ссылка на пользователя',
  `created_at` datetime DEFAULT CURRENT_TIMESTAMP COMMENT 'Время создания строки',
  PRIMARY KEY (`community_id`,`user_id`) COMMENT 'Составной первичный ключ'
) ENGINE=InnoDB DEFAULT CHARSET=utf8mb4 COLLATE=utf8mb4_unicode_ci COMMENT='Участники групп, связь между пользователями и группами';
/*!40101 SET character_set_client = @saved_cs_client */;

--
-- Dumping data for table `communities_users`
--

LOCK TABLES `communities_users` WRITE;
/*!40000 ALTER TABLE `communities_users` DISABLE KEYS */;
INSERT INTO `communities_users` VALUES (1,6,'1992-12-09 04:48:27'),(1,29,'1977-10-26 02:16:00'),(1,34,'2016-06-21 20:09:39'),(1,67,'2020-05-08 23:13:58'),(1,68,'2022-07-20 17:13:11'),(1,94,'1999-02-19 02:13:52'),(1,99,'1977-07-26 11:26:47'),(2,63,'1979-02-05 11:09:34'),(2,69,'1997-03-23 20:26:27'),(2,83,'1978-05-07 21:47:17'),(3,8,'1985-09-19 15:45:20'),(3,48,'2021-09-12 09:27:31'),(3,65,'2007-06-04 15:49:43'),(3,81,'2002-04-17 08:35:40'),(3,92,'2014-03-30 23:05:31'),(3,98,'1970-11-08 13:42:53'),(4,9,'2001-05-10 22:37:24'),(4,15,'1990-11-04 16:07:19'),(4,24,'1983-12-02 15:12:29'),(4,40,'1987-04-17 05:34:00'),(4,73,'1997-09-21 01:47:01'),(4,86,'1978-09-26 05:40:04'),(5,21,'2004-07-23 02:04:06'),(5,31,'1975-10-12 12:51:03'),(5,33,'2005-03-12 06:22:05'),(5,54,'2006-05-18 20:52:04'),(5,74,'2005-07-31 06:49:42'),(6,5,'2005-04-18 15:59:41'),(6,13,'2004-02-21 05:00:21'),(6,27,'1984-09-05 03:13:41'),(6,30,'2006-08-31 02:43:34'),(6,36,'1996-03-05 05:36:41'),(6,41,'2000-12-20 22:28:15'),(6,93,'2015-09-21 10:25:41'),(7,11,'2018-12-11 06:03:26'),(7,22,'1975-03-30 05:57:33'),(7,44,'2003-11-29 16:11:21'),(7,70,'1992-01-09 00:00:19'),(7,79,'2012-11-04 01:58:07'),(7,84,'2014-01-21 07:48:12'),(7,95,'2010-08-18 17:05:04'),(8,32,'1993-07-27 22:42:30'),(8,49,'2000-09-26 09:12:53'),(8,53,'1992-02-28 21:33:07'),(8,71,'2017-06-03 07:49:31'),(8,78,'2016-10-13 16:15:12'),(8,90,'1985-10-13 01:58:17'),(9,4,'2004-06-30 02:58:17'),(9,7,'2021-10-07 06:03:23'),(9,16,'1999-09-17 23:35:39'),(9,25,'2003-05-11 22:42:05'),(9,85,'1997-12-18 13:44:17'),(10,35,'1976-06-28 00:18:54'),(10,46,'1998-02-28 20:25:21'),(10,77,'2001-01-16 11:51:59'),(10,89,'2015-07-13 15:43:03'),(10,91,'1970-04-13 07:50:34'),(10,96,'2004-10-14 04:39:55'),(11,26,'1974-07-19 11:23:03'),(11,97,'1971-04-08 02:22:28'),(12,1,'1996-12-28 13:05:23'),(12,3,'2018-12-25 04:38:31'),(12,10,'1977-02-24 10:14:23'),(12,17,'1992-05-10 07:04:52'),(12,50,'1986-03-13 11:19:57'),(12,59,'2020-07-29 16:47:23'),(13,20,'1986-07-21 23:00:11'),(13,43,'2019-03-30 11:01:31'),(13,80,'2000-02-10 16:29:50'),(14,57,'1984-09-26 01:26:20'),(14,64,'2008-08-31 04:41:35'),(14,66,'2008-09-06 18:22:32'),(14,75,'1975-07-17 02:03:22'),(14,82,'1995-05-15 07:16:27'),(14,87,'1985-06-19 05:06:16'),(14,88,'1996-04-19 17:50:04'),(15,38,'1986-03-26 13:38:46'),(15,47,'1997-09-30 20:25:22'),(15,51,'1984-12-26 18:31:56'),(15,58,'2010-08-10 13:49:52'),(15,60,'1988-07-19 21:00:48'),(15,76,'1980-12-25 11:23:05'),(15,100,'1981-06-20 02:56:31'),(16,14,'1990-04-14 16:46:42'),(16,18,'1988-03-21 07:22:24'),(16,61,'2001-10-04 02:00:45'),(17,12,'2013-06-20 21:42:33'),(17,23,'1989-07-15 01:40:14'),(17,72,'2006-01-11 16:20:07'),(18,2,'2020-10-27 12:52:22'),(18,39,'1987-04-26 20:33:11'),(18,42,'1970-12-22 03:36:30'),(18,56,'1992-10-09 21:11:51'),(18,62,'2001-01-03 22:43:04'),(19,37,'1985-05-28 04:58:06'),(19,45,'1989-12-11 21:15:52'),(19,52,'1981-07-19 18:42:36'),(19,55,'2021-03-14 09:33:43'),(20,19,'1979-04-15 00:42:42'),(20,28,'2009-08-09 03:37:06');
/*!40000 ALTER TABLE `communities_users` ENABLE KEYS */;
UNLOCK TABLES;

--
-- Table structure for table `country`
--

DROP TABLE IF EXISTS `country`;
/*!40101 SET @saved_cs_client     = @@character_set_client */;
/*!50503 SET character_set_client = utf8mb4 */;
CREATE TABLE `country` (
  `id` int unsigned NOT NULL AUTO_INCREMENT COMMENT 'Идентификатор строки',
  `name` varchar(100) NOT NULL COMMENT 'Название страны',
  `created_at` datetime DEFAULT CURRENT_TIMESTAMP COMMENT 'Время создания строки',
  `updated_at` datetime DEFAULT CURRENT_TIMESTAMP ON UPDATE CURRENT_TIMESTAMP COMMENT 'Время обновления строки',
  PRIMARY KEY (`id`)
) ENGINE=InnoDB AUTO_INCREMENT=14 DEFAULT CHARSET=utf8mb4 COLLATE=utf8mb4_0900_ai_ci COMMENT='Список стран';
/*!40101 SET character_set_client = @saved_cs_client */;

--
-- Dumping data for table `country`
--

LOCK TABLES `country` WRITE;
/*!40000 ALTER TABLE `country` DISABLE KEYS */;
INSERT INTO `country` VALUES (1,'Russia','2022-09-11 12:38:54','2022-09-11 12:38:54'),(2,'Australia','2022-09-11 12:38:54','2022-09-11 12:38:54'),(3,'Canada','2022-09-11 12:38:54','2022-09-11 12:38:54'),(4,'Denmark','2022-09-11 12:38:54','2022-09-11 12:38:54'),(5,'Finland','2022-09-11 12:38:54','2022-09-11 12:38:54'),(6,'Ecuador','2022-09-11 12:38:54','2022-09-11 12:38:54'),(7,'Great Britain','2022-09-11 12:38:54','2022-09-11 12:38:54'),(8,'Hawaii','2022-09-11 12:38:54','2022-09-11 12:38:54'),(9,'Japan','2022-09-11 12:38:54','2022-09-11 12:38:54'),(10,'Mexico','2022-09-11 12:38:54','2022-09-11 12:38:54'),(11,'New Zeland','2022-09-11 12:38:54','2022-09-11 12:38:54'),(12,'Turkey','2022-09-11 12:38:54','2022-09-11 12:38:54'),(13,'USA','2022-09-11 12:38:54','2022-09-11 12:38:54');
/*!40000 ALTER TABLE `country` ENABLE KEYS */;
UNLOCK TABLES;

--
-- Table structure for table `friendship_statuses`
--

DROP TABLE IF EXISTS `friendship_statuses`;
/*!40101 SET @saved_cs_client     = @@character_set_client */;
/*!50503 SET character_set_client = utf8mb4 */;
CREATE TABLE `friendship_statuses` (
  `id` int unsigned NOT NULL AUTO_INCREMENT COMMENT 'Идентификатор строки',
  `name` varchar(150) CHARACTER SET utf8mb4 COLLATE utf8mb4_unicode_ci NOT NULL COMMENT 'Название статуса',
  `created_at` datetime DEFAULT CURRENT_TIMESTAMP COMMENT 'Время создания строки',
  `updated_at` datetime DEFAULT CURRENT_TIMESTAMP ON UPDATE CURRENT_TIMESTAMP COMMENT 'Время обновления строки',
  PRIMARY KEY (`id`),
  UNIQUE KEY `name` (`name`)
) ENGINE=InnoDB AUTO_INCREMENT=4 DEFAULT CHARSET=utf8mb4 COLLATE=utf8mb4_unicode_ci COMMENT='Статусы дружбы';
/*!40101 SET character_set_client = @saved_cs_client */;

--
-- Dumping data for table `friendship_statuses`
--

LOCK TABLES `friendship_statuses` WRITE;
/*!40000 ALTER TABLE `friendship_statuses` DISABLE KEYS */;
INSERT INTO `friendship_statuses` VALUES (1,'Requested','2022-09-11 17:39:51','2022-09-11 17:39:51'),(2,'Confirmed','2022-09-11 17:39:51','2022-09-11 17:39:51'),(3,'Rejected','2022-09-11 17:39:51','2022-09-11 17:39:51');
/*!40000 ALTER TABLE `friendship_statuses` ENABLE KEYS */;
UNLOCK TABLES;

--
-- Table structure for table `friendships`
--

DROP TABLE IF EXISTS `friendships`;
/*!40101 SET @saved_cs_client     = @@character_set_client */;
/*!50503 SET character_set_client = utf8mb4 */;
CREATE TABLE `friendships` (
  `user_id` int unsigned NOT NULL COMMENT 'Ссылка на инициатора дружеских отношений',
  `friend_id` int unsigned NOT NULL COMMENT 'Ссылка на получателя приглашения дружить',
  `status_id` int unsigned NOT NULL COMMENT 'Ссылка на статус (текущее состояние) отношений',
  `requested_at` datetime DEFAULT CURRENT_TIMESTAMP COMMENT 'Время отправления приглашения дружить',
  `confirmed_at` datetime DEFAULT NULL COMMENT 'Время подтверждения приглашения',
  `created_at` datetime DEFAULT CURRENT_TIMESTAMP COMMENT 'Время создания строки',
  `updated_at` datetime DEFAULT CURRENT_TIMESTAMP ON UPDATE CURRENT_TIMESTAMP COMMENT 'Время обновления строки',
  PRIMARY KEY (`user_id`,`friend_id`) COMMENT 'Составной первичный ключ'
) ENGINE=InnoDB DEFAULT CHARSET=utf8mb4 COLLATE=utf8mb4_unicode_ci COMMENT='Таблица дружбы';
/*!40101 SET character_set_client = @saved_cs_client */;

--
-- Dumping data for table `friendships`
--

LOCK TABLES `friendships` WRITE;
/*!40000 ALTER TABLE `friendships` DISABLE KEYS */;
INSERT INTO `friendships` VALUES (2,84,2,'2006-06-20 06:42:31','2012-07-28 12:03:11','1993-09-13 17:21:00','2022-09-11 17:40:05'),(2,92,1,'2022-01-26 02:10:37','1975-07-01 01:06:43','1978-08-28 03:41:12','2022-09-11 17:40:05'),(3,12,3,'2011-10-06 01:27:06','1972-06-24 09:03:02','1986-02-13 04:02:47','2022-09-11 17:40:05'),(6,39,1,'2012-10-16 04:22:05','2009-02-23 17:09:02','1987-09-03 04:32:25','2022-09-11 17:40:05'),(7,94,1,'1981-04-23 17:32:49','1980-08-20 03:22:23','1979-03-22 05:56:43','2022-09-11 17:40:05'),(9,19,2,'1979-12-18 16:57:00','1976-02-16 17:16:51','2001-04-13 22:24:05','2022-09-11 17:40:05'),(12,7,3,'2010-06-05 05:04:13','1983-10-27 00:47:23','1982-01-12 07:27:02','2022-09-11 17:40:05'),(12,74,2,'1976-10-16 07:00:49','1998-01-23 16:33:09','1988-05-21 01:58:41','2022-09-11 17:40:05'),(13,17,3,'1990-10-12 11:57:48','2012-02-16 13:54:13','1987-12-09 20:08:03','2022-09-11 17:40:05'),(14,29,2,'1987-03-24 08:40:17','1994-12-06 10:47:02','2006-09-06 21:35:21','2022-09-11 17:40:05'),(14,60,1,'1997-01-16 19:42:19','1992-04-30 11:59:01','1972-03-01 17:02:06','2022-09-11 17:40:05'),(15,22,2,'1978-05-16 23:31:01','2022-01-17 05:22:07','2011-06-20 02:54:20','2022-09-11 17:40:05'),(16,78,3,'2007-12-17 21:01:52','1981-10-09 01:05:29','2020-03-06 18:22:20','2022-09-11 17:40:05'),(17,38,2,'2013-06-25 19:52:41','2018-06-09 08:05:57','2014-10-13 23:19:38','2022-09-11 17:40:05'),(18,85,1,'2002-06-03 08:50:43','1973-06-03 14:25:57','1994-03-15 11:52:35','2022-09-11 17:40:05'),(19,28,2,'2002-10-30 18:42:53','1978-01-29 19:38:55','2011-11-15 06:40:13','2022-09-11 17:40:05'),(19,35,1,'2017-08-03 07:59:33','1984-03-14 02:26:59','1998-01-12 04:17:17','2022-09-11 17:40:05'),(21,83,2,'2002-04-14 11:21:19','2004-08-01 11:18:35','1972-12-24 05:37:08','2022-09-11 17:40:05'),(22,67,2,'1992-08-12 03:27:27','1995-08-13 15:43:08','2008-09-04 21:17:14','2022-09-11 17:40:05'),(22,92,1,'2016-05-10 02:49:54','1973-09-10 08:18:09','1982-04-09 16:03:38','2022-09-11 17:40:05'),(23,5,1,'1986-07-03 04:12:15','2017-03-22 14:29:06','2019-02-20 23:01:22','2022-09-11 17:40:05'),(23,17,1,'1979-01-12 11:55:56','1988-10-02 18:15:53','2012-04-21 03:07:56','2022-09-11 17:40:05'),(23,80,3,'1990-06-11 09:14:28','1986-08-21 15:13:09','1972-09-16 09:29:04','2022-09-11 17:40:05'),(25,64,1,'2008-03-25 08:02:34','2018-01-04 14:52:08','2002-02-02 20:31:42','2022-09-11 17:40:05'),(27,3,1,'1994-12-03 18:38:19','1980-02-18 16:39:50','1972-03-22 15:18:25','2022-09-11 17:40:05'),(27,16,3,'2007-02-07 20:18:24','2010-04-07 03:25:54','2004-04-27 04:56:26','2022-09-11 17:40:05'),(27,54,3,'1991-02-06 07:09:09','1977-07-13 06:43:34','2020-03-02 02:56:45','2022-09-11 17:40:05'),(30,12,3,'1974-08-18 02:04:00','1998-08-11 03:01:23','2006-12-29 23:36:41','2022-09-11 17:40:05'),(30,48,1,'2014-04-01 12:26:48','1987-04-25 06:00:19','1977-05-13 12:18:25','2022-09-11 17:40:05'),(31,46,1,'1987-01-28 16:36:31','2012-09-12 01:21:51','1979-07-28 10:57:52','2022-09-11 17:40:05'),(31,80,1,'2009-11-19 17:32:28','2012-03-04 05:55:20','2020-03-08 20:01:36','2022-09-11 17:40:05'),(32,74,3,'1992-12-02 20:42:21','1976-01-14 17:25:43','2015-07-22 16:55:48','2022-09-11 17:40:05'),(33,41,1,'2021-05-13 15:38:43','1978-05-19 18:54:27','2005-08-17 17:29:38','2022-09-11 17:40:05'),(35,37,2,'2014-11-14 23:07:38','2006-08-28 04:35:55','2012-03-18 04:49:29','2022-09-11 17:40:05'),(37,58,1,'1980-07-15 12:34:54','1995-05-17 05:35:39','2006-12-21 21:57:10','2022-09-11 17:40:05'),(38,96,3,'2015-04-09 09:38:54','1971-12-21 05:37:49','2019-01-20 17:29:41','2022-09-11 17:40:05'),(40,69,2,'1974-08-06 09:42:16','1970-01-21 19:07:37','1978-01-17 23:28:04','2022-09-11 17:40:05'),(41,88,2,'1997-04-03 07:29:50','2014-12-21 06:20:06','1986-03-15 13:30:31','2022-09-11 17:40:05'),(41,91,2,'1978-12-30 23:09:26','1974-07-15 04:40:03','1975-02-20 20:12:47','2022-09-11 17:40:05'),(42,11,1,'2017-02-19 15:33:38','2007-01-30 19:22:22','1994-09-06 01:20:46','2022-09-11 17:40:05'),(43,20,3,'1983-02-20 01:55:25','1975-06-05 06:42:37','2012-12-25 09:37:23','2022-09-11 17:40:05'),(44,69,2,'1979-05-25 19:53:06','1973-03-04 12:20:23','2004-12-18 19:44:34','2022-09-11 17:40:05'),(45,62,1,'1981-11-29 00:45:51','2001-10-05 02:26:03','2010-01-10 08:50:59','2022-09-11 17:40:05'),(46,37,1,'1978-04-07 15:11:41','1978-01-29 17:49:10','1976-11-28 14:29:40','2022-09-11 17:40:05'),(46,83,1,'1984-04-17 02:16:48','2003-10-21 12:06:47','2005-05-31 02:48:06','2022-09-11 17:40:05'),(48,27,1,'1971-07-02 15:03:23','2018-11-19 21:43:29','2012-06-15 05:33:42','2022-09-11 17:40:05'),(48,95,3,'2006-06-23 03:37:54','2004-11-09 07:28:34','2019-05-23 15:28:54','2022-09-11 17:40:05'),(49,97,1,'2009-02-17 11:36:48','2000-02-07 11:33:50','2003-06-03 05:14:46','2022-09-11 17:40:05'),(50,13,3,'1984-03-18 13:10:18','2018-09-30 16:49:47','2005-04-11 14:46:45','2022-09-11 17:40:05'),(50,74,2,'2021-10-23 19:33:23','2018-12-10 01:27:34','2010-04-25 07:43:21','2022-09-11 17:40:05'),(51,70,2,'1997-12-02 12:59:15','2013-01-27 11:05:39','2018-12-15 09:48:09','2022-09-11 17:40:05'),(54,95,1,'1985-03-15 17:53:24','2016-09-12 06:36:06','1978-02-24 19:46:25','2022-09-11 17:40:05'),(57,30,3,'2002-06-25 23:12:00','2015-02-07 03:55:05','1972-12-15 06:06:15','2022-09-11 17:40:05'),(57,91,2,'1999-10-09 02:55:40','2020-09-10 02:30:10','2011-12-26 10:28:54','2022-09-11 17:40:05'),(58,43,2,'1980-11-06 19:36:37','2000-01-12 09:18:40','1986-01-14 06:23:27','2022-09-11 17:40:05'),(59,80,1,'2013-09-09 02:57:16','1995-06-17 11:15:30','1989-06-15 14:40:10','2022-09-11 17:40:05'),(60,20,2,'2010-01-08 07:17:17','1974-06-29 15:10:37','2012-05-25 08:07:39','2022-09-11 17:40:05'),(63,50,1,'1978-02-02 06:56:07','1993-07-07 08:37:07','1990-09-04 00:08:37','2022-09-11 17:40:05'),(64,13,3,'1975-12-06 17:58:59','2003-12-31 07:01:22','2007-06-13 12:38:54','2022-09-11 17:40:05'),(64,39,3,'2021-12-06 20:45:44','1982-03-03 21:37:39','1984-11-15 10:01:53','2022-09-11 17:40:05'),(64,55,3,'1981-12-26 02:01:23','1989-10-15 16:30:07','2021-09-09 19:59:13','2022-09-11 17:40:05'),(64,92,1,'1995-12-18 09:24:51','1994-04-06 05:12:40','2015-02-03 05:21:27','2022-09-11 17:40:05'),(65,58,3,'2006-11-15 23:01:13','1998-05-04 01:42:24','1970-03-24 20:54:17','2022-09-11 17:40:05'),(66,75,3,'1989-12-07 02:13:50','1991-09-20 05:50:21','2000-01-19 17:26:44','2022-09-11 17:40:05'),(67,1,3,'2013-01-23 11:31:40','2013-07-24 10:02:22','2019-10-15 02:17:56','2022-09-11 17:40:05'),(67,45,2,'1975-10-12 12:22:27','1990-11-24 07:08:41','1976-10-15 04:05:40','2022-09-11 17:40:05'),(67,95,2,'1973-03-06 16:45:54','2007-10-27 01:53:30','1975-08-29 08:47:36','2022-09-11 17:40:05'),(69,66,2,'1988-02-11 16:57:36','1985-05-13 11:26:23','1996-07-20 07:26:24','2022-09-11 17:40:05'),(69,84,3,'2001-08-28 12:25:10','2003-07-25 19:25:40','2021-04-05 12:16:01','2022-09-11 17:40:05'),(69,86,2,'2020-06-13 07:54:29','2003-03-01 08:14:24','1981-02-21 20:03:35','2022-09-11 17:40:05'),(69,92,1,'2004-02-12 14:20:54','2012-08-25 02:13:47','1994-10-06 08:47:01','2022-09-11 17:40:05'),(72,56,2,'1993-06-25 23:26:03','2003-05-17 20:59:56','2000-10-18 16:46:08','2022-09-11 17:40:05'),(74,19,2,'1991-05-15 07:02:31','2000-06-09 01:46:11','1971-09-12 19:22:06','2022-09-11 17:40:05'),(74,83,1,'2012-10-20 11:05:06','1989-03-26 14:56:04','1976-06-18 20:25:02','2022-09-11 17:40:05'),(75,19,1,'2020-04-05 06:23:26','1998-11-12 02:10:05','2004-07-08 03:31:23','2022-09-11 17:40:05'),(75,33,2,'1993-11-10 03:45:31','1974-05-08 09:27:56','1985-08-08 09:56:37','2022-09-11 17:40:05'),(75,48,1,'1989-12-10 22:39:03','1988-01-09 09:45:20','2005-03-28 22:08:19','2022-09-11 17:40:05'),(76,55,1,'2006-06-15 00:38:49','2000-06-07 15:58:40','2007-11-09 07:22:59','2022-09-11 17:40:05'),(76,79,3,'1998-09-20 11:23:54','2003-04-28 12:31:43','2011-09-20 21:53:13','2022-09-11 17:40:05'),(77,65,1,'1980-09-11 22:40:56','2021-12-21 05:54:16','2018-08-13 17:05:56','2022-09-11 17:40:05'),(77,98,1,'2010-05-23 04:13:36','1993-07-09 17:33:37','2008-12-02 13:42:14','2022-09-11 17:40:05'),(78,16,2,'1989-03-22 17:55:12','2008-02-23 21:40:04','1985-08-28 05:03:30','2022-09-11 17:40:05'),(78,72,2,'1993-09-12 09:22:40','1970-09-29 17:29:15','2007-12-22 02:01:50','2022-09-11 17:40:05'),(79,60,2,'1974-07-15 23:37:32','2005-05-13 01:01:57','1970-03-19 13:07:43','2022-09-11 17:40:05'),(80,8,2,'1987-07-07 14:19:34','2006-08-08 13:26:27','1997-09-20 19:11:57','2022-09-11 17:40:05'),(80,34,2,'1994-09-14 11:48:43','1991-09-26 00:08:01','1988-07-17 02:26:12','2022-09-11 17:40:05'),(80,73,3,'1984-02-13 09:24:18','2011-08-02 23:29:31','1998-12-04 15:53:14','2022-09-11 17:40:05'),(81,94,2,'1983-07-16 07:29:30','2019-08-10 08:33:29','2004-03-04 02:39:05','2022-09-11 17:40:05'),(82,98,3,'1989-05-16 04:35:56','2002-08-15 08:58:44','2012-07-16 17:39:02','2022-09-11 17:40:05'),(83,43,1,'1978-12-21 18:25:36','2010-03-01 13:07:55','1994-03-16 13:57:47','2022-09-11 17:40:05'),(84,33,1,'1977-12-13 19:15:08','2003-11-10 09:24:27','1992-09-21 11:44:05','2022-09-11 17:40:05'),(86,67,2,'1989-06-09 06:47:08','2002-08-15 06:34:23','1998-04-07 10:24:26','2022-09-11 17:40:05'),(90,71,1,'1992-11-24 17:33:18','2016-06-01 21:30:18','2010-10-17 05:56:52','2022-09-11 17:40:05'),(92,11,3,'1995-07-05 13:55:39','1982-02-14 09:40:19','1983-10-06 11:03:01','2022-09-11 17:40:05'),(92,87,1,'1993-09-02 00:26:39','1986-03-19 07:17:59','1979-04-10 08:02:09','2022-09-11 17:40:05'),(93,69,3,'2010-06-05 00:06:13','1981-08-19 03:40:24','2012-09-15 18:36:49','2022-09-11 17:40:05'),(93,88,2,'1993-10-02 18:07:36','1990-11-17 11:46:03','2003-11-11 16:54:03','2022-09-11 17:40:05'),(97,74,1,'1976-07-07 07:03:39','2008-10-24 01:52:37','2001-04-26 09:33:02','2022-09-11 17:40:05'),(99,76,2,'1975-06-20 04:12:32','2007-01-20 12:13:42','2019-07-04 18:06:31','2022-09-11 17:40:05'),(100,52,1,'1991-08-12 19:27:48','1974-05-02 03:15:16','1991-07-15 07:20:47','2022-09-11 17:40:05');
/*!40000 ALTER TABLE `friendships` ENABLE KEYS */;
UNLOCK TABLES;

--
-- Table structure for table `media`
--

DROP TABLE IF EXISTS `media`;
/*!40101 SET @saved_cs_client     = @@character_set_client */;
/*!50503 SET character_set_client = utf8mb4 */;
CREATE TABLE `media` (
  `id` int unsigned NOT NULL AUTO_INCREMENT COMMENT 'Идентификатор строки',
  `user_id` int unsigned NOT NULL COMMENT 'Ссылка на пользователя, который загрузил файл',
  `filename` varchar(255) CHARACTER SET utf8mb4 COLLATE utf8mb4_unicode_ci NOT NULL COMMENT 'Путь к файлу',
  `size` int NOT NULL COMMENT 'Размер файла',
  `metadata` json DEFAULT NULL,
  `media_type_id` int unsigned NOT NULL COMMENT 'Ссылка на тип контента',
  `created_at` datetime DEFAULT CURRENT_TIMESTAMP COMMENT 'Время создания строки',
  `updated_at` datetime DEFAULT CURRENT_TIMESTAMP ON UPDATE CURRENT_TIMESTAMP COMMENT 'Время обновления строки',
  PRIMARY KEY (`id`),
  CONSTRAINT `media_chk_1` CHECK (json_valid(`metadata`))
) ENGINE=InnoDB AUTO_INCREMENT=101 DEFAULT CHARSET=utf8mb4 COLLATE=utf8mb4_unicode_ci COMMENT='Медиафайлы';
/*!40101 SET character_set_client = @saved_cs_client */;

--
-- Dumping data for table `media`
--

LOCK TABLES `media` WRITE;
/*!40000 ALTER TABLE `media` DISABLE KEYS */;
INSERT INTO `media` VALUES (1,49,'http://dropbox.net/vk/exercitationemCrooks.avi',560331,'{\"owner\": \"Anna Champlin\"}',1,'1992-05-29 05:27:39','2022-09-11 17:22:05'),(2,58,'http://dropbox.net/vk/mollitiaHaag.mpeg',200305620,'{\"owner\": \"Domenica Fisher\"}',2,'1984-07-09 02:05:45','2022-09-11 17:22:05'),(3,39,'http://dropbox.net/vk/autTurcotte.png',80572406,'{\"owner\": \"Eileen Mosciski\"}',1,'1983-10-14 03:28:42','2022-09-11 17:22:05'),(4,22,'http://dropbox.net/vk/maximeDavis.avi',1405908,'{\"owner\": \"Kaylin Wisoky\"}',3,'1995-07-08 17:59:42','2022-09-11 17:22:05'),(5,94,'http://dropbox.net/vk/velSawayn.avi',443821,'{\"owner\": \"Caroline Pollich\"}',2,'1977-04-09 10:08:32','2022-09-11 17:22:05'),(6,2,'http://dropbox.net/vk/modiWilderman.jpeg',497360,'{\"owner\": \"Jarod Leannon\"}',3,'1994-12-24 10:14:32','2022-09-11 17:22:05'),(7,26,'http://dropbox.net/vk/estGreen.png',44121,'{\"owner\": \"Susanna Davis\"}',3,'1972-09-13 10:10:35','2022-09-11 17:22:05'),(8,25,'http://dropbox.net/vk/liberoKling.png',795809,'{\"owner\": \"Mariane Pfannerstill\"}',2,'1996-10-25 08:18:09','2022-09-11 17:22:05'),(9,47,'http://dropbox.net/vk/exRutherford.mpeg',476967,'{\"owner\": \"Leopold Ferry\"}',3,'1984-02-15 00:29:58','2022-09-11 17:22:05'),(10,61,'http://dropbox.net/vk/aliquamMoore.png',500831,'{\"owner\": \"Ona Purdy\"}',2,'1986-08-15 07:07:36','2022-09-11 17:22:05'),(11,60,'http://dropbox.net/vk/quiaPollich.avi',109355,'{\"owner\": \"Unique Rosenbaum\"}',2,'1989-09-01 05:56:00','2022-09-11 17:22:05'),(12,19,'http://dropbox.net/vk/voluptasTillman.avi',987408,'{\"owner\": \"Gertrude VonRueden\"}',2,'2004-10-08 11:06:47','2022-09-11 17:22:05'),(13,13,'http://dropbox.net/vk/autemDonnelly.avi',828261116,'{\"owner\": \"Isobel Nitzsche\"}',3,'2009-10-15 17:18:47','2022-09-11 17:22:05'),(14,6,'http://dropbox.net/vk/utWilderman.mpeg',496138,'{\"owner\": \"Erna Bahringer\"}',2,'1999-11-17 21:51:30','2022-09-11 17:22:05'),(15,92,'http://dropbox.net/vk/iustoLangworth.png',508465,'{\"owner\": \"Destini Mohr\"}',2,'2018-07-25 00:39:09','2022-09-11 17:22:05'),(16,43,'http://dropbox.net/vk/sequiGrady.png',43914,'{\"owner\": \"Reva Cartwright\"}',1,'1977-08-04 16:44:56','2022-09-11 17:22:05'),(17,38,'http://dropbox.net/vk/autJohnson.png',684177,'{\"owner\": \"Chauncey Gerlach\"}',2,'1974-08-04 13:02:45','2022-09-11 17:22:05'),(18,62,'http://dropbox.net/vk/liberoMoore.png',553090,'{\"owner\": \"Uriel Runte\"}',1,'2000-12-18 17:19:24','2022-09-11 17:22:05'),(19,94,'http://dropbox.net/vk/quisquamRyan.png',279141,'{\"owner\": \"Caroline Pollich\"}',1,'2001-05-31 06:53:59','2022-09-11 17:22:05'),(20,82,'http://dropbox.net/vk/velitPfeffer.jpeg',135130841,'{\"owner\": \"Osvaldo Ruecker\"}',2,'2014-07-14 09:46:08','2022-09-11 17:22:05'),(21,28,'http://dropbox.net/vk/rerumStrosin.avi',333177,'{\"owner\": \"Trystan Labadie\"}',2,'1987-05-29 03:27:13','2022-09-11 17:22:05'),(22,92,'http://dropbox.net/vk/atqueOlson.mpeg',818461,'{\"owner\": \"Destini Mohr\"}',3,'2010-09-10 06:24:01','2022-09-11 17:22:05'),(23,76,'http://dropbox.net/vk/rationeVonRueden.jpeg',45098,'{\"owner\": \"Willy Ankunding\"}',3,'2019-06-27 00:21:47','2022-09-11 17:22:05'),(24,4,'http://dropbox.net/vk/illoPfeffer.avi',82774,'{\"owner\": \"Brannon Sawayn\"}',1,'1996-01-31 23:06:32','2022-09-11 17:22:05'),(25,93,'http://dropbox.net/vk/delectusRippin.jpeg',7337,'{\"owner\": \"Marian Doyle\"}',3,'1998-05-26 01:11:48','2022-09-11 17:22:05'),(26,54,'http://dropbox.net/vk/sedPfannerstill.jpeg',948489,'{\"owner\": \"Hazel Ruecker\"}',2,'1995-02-28 04:48:59','2022-09-11 17:22:05'),(27,87,'http://dropbox.net/vk/ipsaBraun.png',484122,'{\"owner\": \"Jana Tillman\"}',2,'1984-05-03 23:00:53','2022-09-11 17:22:05'),(28,74,'http://dropbox.net/vk/maioresBailey.png',123999400,'{\"owner\": \"Alexandrea O\'Reilly\"}',1,'2021-12-15 06:55:58','2022-09-11 17:22:05'),(29,7,'http://dropbox.net/vk/repellatMosciski.mpeg',565144,'{\"owner\": \"Ilene Weimann\"}',3,'1973-04-24 13:33:55','2022-09-11 17:22:05'),(30,13,'http://dropbox.net/vk/rerumWalsh.mpeg',50740560,'{\"owner\": \"Isobel Nitzsche\"}',2,'1975-06-14 08:31:59','2022-09-11 17:22:05'),(31,43,'http://dropbox.net/vk/sintBailey.avi',4527,'{\"owner\": \"Reva Cartwright\"}',1,'2013-10-06 21:59:44','2022-09-11 17:22:05'),(32,76,'http://dropbox.net/vk/temporeSipes.jpeg',363356,'{\"owner\": \"Willy Ankunding\"}',2,'1999-10-02 20:58:47','2022-09-11 17:22:05'),(33,51,'http://dropbox.net/vk/perferendisKuvalis.jpeg',7618,'{\"owner\": \"Kenya Yost\"}',3,'2001-09-20 15:37:44','2022-09-11 17:22:05'),(34,27,'http://dropbox.net/vk/cumRuecker.png',111349,'{\"owner\": \"Seth Bailey\"}',1,'1998-11-02 11:46:43','2022-09-11 17:22:05'),(35,80,'http://dropbox.net/vk/earumLangworth.avi',68409635,'{\"owner\": \"Vicente Schoen\"}',2,'2001-11-16 14:52:43','2022-09-11 17:22:05'),(36,18,'http://dropbox.net/vk/consequaturBaumbach.png',456674,'{\"owner\": \"Everardo Nolan\"}',3,'2017-01-03 06:27:25','2022-09-11 17:22:05'),(37,48,'http://dropbox.net/vk/atDonnelly.avi',939327,'{\"owner\": \"Chyna Hettinger\"}',3,'2006-12-03 09:34:36','2022-09-11 17:22:05'),(38,88,'http://dropbox.net/vk/laboreHoppe.png',1919113,'{\"owner\": \"Sadie Braun\"}',2,'1974-03-05 03:10:11','2022-09-11 17:22:05'),(39,94,'http://dropbox.net/vk/omnisOkuneva.avi',2832,'{\"owner\": \"Caroline Pollich\"}',1,'1988-12-22 06:54:46','2022-09-11 17:22:05'),(40,5,'http://dropbox.net/vk/sapienteRatke.jpeg',2437,'{\"owner\": \"Annamarie Turcotte\"}',3,'2012-04-06 16:05:14','2022-09-11 17:22:05'),(41,45,'http://dropbox.net/vk/impeditWeimann.mpeg',316614,'{\"owner\": \"Madalyn Schmeler\"}',2,'1992-12-10 10:28:02','2022-09-11 17:22:05'),(42,7,'http://dropbox.net/vk/hicHarvey.png',755089,'{\"owner\": \"Ilene Weimann\"}',1,'2002-02-09 13:03:13','2022-09-11 17:22:05'),(43,1,'http://dropbox.net/vk/voluptasSchaden.jpeg',8185018,'{\"owner\": \"Alba Mayer\"}',3,'2021-02-23 12:51:03','2022-09-11 17:22:05'),(44,85,'http://dropbox.net/vk/ipsamDavis.mpeg',49391,'{\"owner\": \"Marguerite Howell\"}',1,'1990-10-31 12:30:33','2022-09-11 17:22:05'),(45,18,'http://dropbox.net/vk/inMoore.avi',467990874,'{\"owner\": \"Everardo Nolan\"}',2,'2007-05-28 03:15:17','2022-09-11 17:22:05'),(46,37,'http://dropbox.net/vk/maioresBarton.jpeg',437421008,'{\"owner\": \"Kaci Johnson\"}',2,'2012-03-29 22:57:25','2022-09-11 17:22:05'),(47,30,'http://dropbox.net/vk/doloribusVonRueden.avi',15174,'{\"owner\": \"Jamal Harvey\"}',1,'2003-10-13 17:33:57','2022-09-11 17:22:05'),(48,40,'http://dropbox.net/vk/adipisciGreen.png',815605,'{\"owner\": \"Myrna Powlowski\"}',1,'2005-09-20 04:57:06','2022-09-11 17:22:05'),(49,6,'http://dropbox.net/vk/consequaturAnkunding.jpeg',6284,'{\"owner\": \"Erna Bahringer\"}',1,'1989-04-19 14:21:04','2022-09-11 17:22:05'),(50,13,'http://dropbox.net/vk/deseruntBins.jpeg',210095727,'{\"owner\": \"Isobel Nitzsche\"}',2,'2003-06-12 17:21:46','2022-09-11 17:22:05'),(51,44,'http://dropbox.net/vk/quiGerlach.mpeg',802756,'{\"owner\": \"Grace Green\"}',2,'1981-08-05 05:19:20','2022-09-11 17:22:05'),(52,83,'http://dropbox.net/vk/corporisGreenfelder.png',556968,'{\"owner\": \"Amparo Bode\"}',1,'2018-11-14 18:59:07','2022-09-11 17:22:05'),(53,82,'http://dropbox.net/vk/estBailey.avi',277326,'{\"owner\": \"Osvaldo Ruecker\"}',2,'1970-08-02 21:01:49','2022-09-11 17:22:05'),(54,59,'http://dropbox.net/vk/officiisFerry.jpeg',24046,'{\"owner\": \"Reynold Ratke\"}',2,'1998-07-06 12:19:37','2022-09-11 17:22:05'),(55,48,'http://dropbox.net/vk/doloremChamplin.avi',53334,'{\"owner\": \"Chyna Hettinger\"}',1,'2012-02-15 19:08:44','2022-09-11 17:22:05'),(56,62,'http://dropbox.net/vk/numquamMoore.avi',6777809,'{\"owner\": \"Uriel Runte\"}',1,'1986-05-15 17:40:45','2022-09-11 17:22:05'),(57,68,'http://dropbox.net/vk/fugitMayer.jpeg',28794082,'{\"owner\": \"Russell McLaughlin\"}',3,'1982-09-11 23:38:55','2022-09-11 17:22:05'),(58,50,'http://dropbox.net/vk/doloresBahringer.png',73308,'{\"owner\": \"Kody Bauch\"}',2,'1972-09-02 12:02:05','2022-09-11 17:22:05'),(59,49,'http://dropbox.net/vk/possimusWalsh.avi',746935,'{\"owner\": \"Anna Champlin\"}',2,'2013-06-12 14:17:30','2022-09-11 17:22:05'),(60,92,'http://dropbox.net/vk/voluptatumBergnaum.mpeg',51537,'{\"owner\": \"Destini Mohr\"}',2,'2003-08-08 05:16:31','2022-09-11 17:22:05'),(61,13,'http://dropbox.net/vk/pariaturMayer.jpeg',366570,'{\"owner\": \"Isobel Nitzsche\"}',1,'1976-10-05 19:26:26','2022-09-11 17:22:05'),(62,87,'http://dropbox.net/vk/mollitiaTurcotte.jpeg',151948,'{\"owner\": \"Jana Tillman\"}',3,'2011-10-13 14:16:10','2022-09-11 17:22:05'),(63,97,'http://dropbox.net/vk/sedBarrows.png',650029,'{\"owner\": \"Dortha Okuneva\"}',1,'1974-05-07 19:08:23','2022-09-11 17:22:05'),(64,23,'http://dropbox.net/vk/quiVonRueden.avi',784300,'{\"owner\": \"Macey Fahey\"}',2,'1975-03-30 18:17:30','2022-09-11 17:22:05'),(65,25,'http://dropbox.net/vk/rerumKuvalis.png',495883428,'{\"owner\": \"Mariane Pfannerstill\"}',2,'1996-09-27 10:22:53','2022-09-11 17:22:05'),(66,55,'http://dropbox.net/vk/harumSchuppe.avi',428151358,'{\"owner\": \"Alize Corkery\"}',2,'1998-08-16 11:58:51','2022-09-11 17:22:05'),(67,99,'http://dropbox.net/vk/eosMcLaughlin.avi',281850,'{\"owner\": \"Joshua Ryan\"}',1,'1997-02-27 21:01:34','2022-09-11 17:22:05'),(68,31,'http://dropbox.net/vk/velitPurdy.jpeg',79133903,'{\"owner\": \"Marlen Wunsch\"}',3,'1995-02-06 17:22:45','2022-09-11 17:22:05'),(69,57,'http://dropbox.net/vk/quiZulauf.png',7434,'{\"owner\": \"Claudie Nader\"}',2,'1996-09-08 03:17:18','2022-09-11 17:22:05'),(70,93,'http://dropbox.net/vk/culpaDickinson.png',961417,'{\"owner\": \"Marian Doyle\"}',1,'2006-01-28 15:04:45','2022-09-11 17:22:05'),(71,92,'http://dropbox.net/vk/illoOkuneva.avi',444183,'{\"owner\": \"Destini Mohr\"}',2,'1997-06-17 01:16:31','2022-09-11 17:22:05'),(72,81,'http://dropbox.net/vk/nonFerry.jpeg',326664,'{\"owner\": \"Walter Moore\"}',1,'2021-01-09 10:51:22','2022-09-11 17:22:05'),(73,29,'http://dropbox.net/vk/cupiditateHettinger.avi',290774,'{\"owner\": \"Filomena Wilderman\"}',3,'2021-09-10 07:05:35','2022-09-11 17:22:05'),(74,1,'http://dropbox.net/vk/autMoore.avi',1957,'{\"owner\": \"Alba Mayer\"}',1,'1997-04-13 22:21:27','2022-09-11 17:22:05'),(75,17,'http://dropbox.net/vk/inPurdy.mpeg',76968510,'{\"owner\": \"Gregoria Willms\"}',2,'2007-07-14 01:29:03','2022-09-11 17:22:05'),(76,80,'http://dropbox.net/vk/aspernaturBins.png',463879,'{\"owner\": \"Vicente Schoen\"}',3,'1981-10-24 07:14:11','2022-09-11 17:22:05'),(77,50,'http://dropbox.net/vk/sapienteHaag.avi',7786564,'{\"owner\": \"Kody Bauch\"}',3,'1982-03-07 20:42:11','2022-09-11 17:22:05'),(78,8,'http://dropbox.net/vk/minimaO\'Reilly.png',437072,'{\"owner\": \"Kelsie Donnelly\"}',2,'2007-12-11 17:04:00','2022-09-11 17:22:05'),(79,92,'http://dropbox.net/vk/omnisMraz.jpeg',823859,'{\"owner\": \"Destini Mohr\"}',1,'1971-05-13 14:59:46','2022-09-11 17:22:05'),(80,33,'http://dropbox.net/vk/sapienteVonRueden.jpeg',783724,'{\"owner\": \"Hollie Halvorson\"}',1,'1998-04-03 15:49:07','2022-09-11 17:22:05'),(81,90,'http://dropbox.net/vk/repellendusMayer.png',597406,'{\"owner\": \"Kolby Bergnaum\"}',3,'1994-07-26 23:02:03','2022-09-11 17:22:05'),(82,51,'http://dropbox.net/vk/ipsamHegmann.jpeg',625856,'{\"owner\": \"Kenya Yost\"}',2,'1989-10-29 21:57:51','2022-09-11 17:22:05'),(83,86,'http://dropbox.net/vk/rationeHowell.avi',327062,'{\"owner\": \"Angie Bins\"}',1,'1973-09-15 20:47:25','2022-09-11 17:22:05'),(84,73,'http://dropbox.net/vk/aspernaturLangworth.mpeg',87792,'{\"owner\": \"Hellen Bernhard\"}',2,'2011-06-03 21:48:35','2022-09-11 17:22:05'),(85,9,'http://dropbox.net/vk/doloribusLindgren.mpeg',747743,'{\"owner\": \"Austin Rutherford\"}',2,'1993-02-20 03:54:43','2022-09-11 17:22:05'),(86,23,'http://dropbox.net/vk/quiNader.mpeg',891535,'{\"owner\": \"Macey Fahey\"}',3,'1988-01-18 08:32:35','2022-09-11 17:22:05'),(87,91,'http://dropbox.net/vk/utBaumbach.avi',747529,'{\"owner\": \"Garrett Langworth\"}',1,'1990-05-26 18:49:46','2022-09-11 17:22:05'),(88,82,'http://dropbox.net/vk/etHegmann.jpeg',10455,'{\"owner\": \"Osvaldo Ruecker\"}',2,'2015-04-25 17:14:42','2022-09-11 17:22:05'),(89,38,'http://dropbox.net/vk/etWisoky.mpeg',3861,'{\"owner\": \"Chauncey Gerlach\"}',3,'1984-05-03 05:33:17','2022-09-11 17:22:05'),(90,45,'http://dropbox.net/vk/inGerlach.png',1027,'{\"owner\": \"Madalyn Schmeler\"}',3,'1986-11-05 15:54:00','2022-09-11 17:22:05'),(91,9,'http://dropbox.net/vk/omnisBarton.png',62325370,'{\"owner\": \"Austin Rutherford\"}',2,'1978-08-25 02:25:51','2022-09-11 17:22:05'),(92,10,'http://dropbox.net/vk/aliquamBaumbach.png',484415,'{\"owner\": \"Tad Lindgren\"}',1,'1975-04-23 08:27:34','2022-09-11 17:22:05'),(93,21,'http://dropbox.net/vk/itaqueWisoky.jpeg',169491,'{\"owner\": \"Velva O\'Conner\"}',2,'2012-04-10 21:47:18','2022-09-11 17:22:05'),(94,74,'http://dropbox.net/vk/ducimusZulauf.jpeg',4971,'{\"owner\": \"Alexandrea O\'Reilly\"}',2,'2003-03-22 05:37:26','2022-09-11 17:22:05'),(95,7,'http://dropbox.net/vk/quibusdamJenkins.jpeg',10146,'{\"owner\": \"Ilene Weimann\"}',1,'2018-10-18 08:34:10','2022-09-11 17:22:05'),(96,13,'http://dropbox.net/vk/delenitiRosenbaum.jpeg',456538,'{\"owner\": \"Isobel Nitzsche\"}',3,'1986-02-03 07:07:44','2022-09-11 17:22:05'),(97,42,'http://dropbox.net/vk/facilisWeimann.png',20628120,'{\"owner\": \"Abagail Turcotte\"}',1,'1983-07-06 10:11:51','2022-09-11 17:22:05'),(98,72,'http://dropbox.net/vk/accusantiumChamplin.avi',360644748,'{\"owner\": \"Lue Pfeffer\"}',2,'1970-11-06 03:21:35','2022-09-11 17:22:05'),(99,33,'http://dropbox.net/vk/necessitatibusBahringer.jpeg',4084,'{\"owner\": \"Hollie Halvorson\"}',2,'2016-06-22 07:43:48','2022-09-11 17:22:05'),(100,49,'http://dropbox.net/vk/etSawayn.mpeg',664245,'{\"owner\": \"Anna Champlin\"}',2,'2015-05-20 20:20:03','2022-09-11 17:22:05');
/*!40000 ALTER TABLE `media` ENABLE KEYS */;
UNLOCK TABLES;

--
-- Table structure for table `media_likes`
--

DROP TABLE IF EXISTS `media_likes`;
/*!40101 SET @saved_cs_client     = @@character_set_client */;
/*!50503 SET character_set_client = utf8mb4 */;
CREATE TABLE `media_likes` (
  `id` int unsigned NOT NULL AUTO_INCREMENT COMMENT 'Идентификатор строки',
  `from_user_id` int unsigned NOT NULL COMMENT 'Ссылка на пользователя, который поставил лайк',
  `media_id` int NOT NULL COMMENT 'Ссылка на медиафайл, которому поставили лайк',
  `created_at` datetime DEFAULT CURRENT_TIMESTAMP COMMENT 'Время создания строки',
  `updated_at` datetime DEFAULT CURRENT_TIMESTAMP ON UPDATE CURRENT_TIMESTAMP COMMENT 'Время обновления строки',
  PRIMARY KEY (`id`)
) ENGINE=InnoDB AUTO_INCREMENT=101 DEFAULT CHARSET=utf8mb4 COLLATE=utf8mb4_unicode_ci COMMENT='Лайки медиафайлов';
/*!40101 SET character_set_client = @saved_cs_client */;

--
-- Dumping data for table `media_likes`
--

LOCK TABLES `media_likes` WRITE;
/*!40000 ALTER TABLE `media_likes` DISABLE KEYS */;
INSERT INTO `media_likes` VALUES (1,19,100,'2003-06-07 09:18:07','2022-09-11 19:19:02'),(2,27,97,'1983-06-14 02:23:53','2022-09-11 19:19:02'),(3,28,42,'1981-07-03 18:30:49','2022-09-11 19:19:02'),(4,94,16,'2006-05-08 13:13:09','2022-09-11 19:19:02'),(5,33,23,'2006-04-20 21:34:26','2022-09-11 19:19:02'),(6,66,93,'1996-01-30 13:43:50','2022-09-11 19:19:02'),(7,53,50,'1974-03-21 21:36:03','2022-09-11 19:19:02'),(8,13,15,'2003-11-22 01:13:25','2022-09-11 19:19:02'),(9,67,21,'1985-05-02 18:48:51','2022-09-11 19:19:02'),(10,50,70,'2009-02-23 19:51:18','2022-09-11 19:19:02'),(11,45,39,'1989-12-25 07:58:08','2022-09-11 19:19:02'),(12,8,9,'1973-02-04 21:48:21','2022-09-11 19:19:02'),(13,40,13,'2022-04-09 01:34:00','2022-09-11 19:19:02'),(14,76,59,'1990-05-28 22:06:25','2022-09-11 19:19:02'),(15,82,2,'2021-12-02 13:03:47','2022-09-11 19:19:02'),(16,66,2,'2011-07-26 19:06:04','2022-09-11 19:19:02'),(17,5,20,'1970-06-23 17:45:21','2022-09-11 19:19:02'),(18,97,62,'1997-08-24 09:00:58','2022-09-11 19:19:02'),(19,92,97,'2014-11-21 18:32:56','2022-09-11 19:19:02'),(20,75,70,'2020-05-14 12:08:26','2022-09-11 19:19:02'),(21,85,62,'2011-10-01 05:04:53','2022-09-11 19:19:02'),(22,41,39,'1973-12-09 03:43:39','2022-09-11 19:19:02'),(23,3,85,'2018-06-05 00:46:49','2022-09-11 19:19:02'),(24,86,59,'1982-02-07 23:52:37','2022-09-11 19:19:02'),(25,94,50,'1991-10-17 00:32:03','2022-09-11 19:19:02'),(26,13,19,'1988-10-12 15:17:38','2022-09-11 19:19:02'),(27,89,5,'2019-06-23 17:28:09','2022-09-11 19:19:02'),(28,74,28,'2010-04-07 11:23:11','2022-09-11 19:19:02'),(29,3,85,'2007-02-17 02:46:27','2022-09-11 19:19:02'),(30,91,60,'1984-03-12 00:21:17','2022-09-11 19:19:02'),(31,87,72,'2004-10-16 08:11:33','2022-09-11 19:19:02'),(32,29,18,'2000-11-14 07:33:49','2022-09-11 19:19:02'),(33,72,92,'1995-02-17 10:02:27','2022-09-11 19:19:02'),(34,93,82,'1989-02-19 07:43:38','2022-09-11 19:19:02'),(35,22,20,'2006-01-22 00:04:12','2022-09-11 19:19:02'),(36,69,47,'1997-10-12 02:42:20','2022-09-11 19:19:02'),(37,16,5,'2005-03-09 13:26:07','2022-09-11 19:19:02'),(38,69,63,'1993-06-11 13:02:14','2022-09-11 19:19:02'),(39,73,56,'1972-01-06 09:52:19','2022-09-11 19:19:02'),(40,53,94,'1972-12-25 12:11:59','2022-09-11 19:19:02'),(41,41,80,'2003-07-21 04:23:28','2022-09-11 19:19:02'),(42,7,66,'2016-01-05 03:17:11','2022-09-11 19:19:02'),(43,48,34,'1985-03-31 01:30:24','2022-09-11 19:19:02'),(44,52,39,'2022-01-25 13:33:52','2022-09-11 19:19:02'),(45,45,40,'1999-08-21 02:04:32','2022-09-11 19:19:02'),(46,91,6,'2010-06-06 11:56:42','2022-09-11 19:19:02'),(47,22,39,'1987-06-09 00:06:51','2022-09-11 19:19:02'),(48,1,94,'2012-12-02 03:10:05','2022-09-11 19:19:02'),(49,10,23,'2006-09-17 09:01:41','2022-09-11 19:19:02'),(50,79,82,'1970-08-11 15:48:24','2022-09-11 19:19:02'),(51,15,51,'1973-10-03 17:21:22','2022-09-11 19:19:02'),(52,63,22,'1979-12-07 02:30:01','2022-09-11 19:19:02'),(53,55,49,'1999-04-25 08:51:36','2022-09-11 19:19:02'),(54,75,28,'1987-05-10 14:15:16','2022-09-11 19:19:02'),(55,23,90,'1998-07-18 21:43:57','2022-09-11 19:19:02'),(56,58,45,'2018-11-25 14:26:46','2022-09-11 19:19:02'),(57,92,53,'2016-06-26 18:03:54','2022-09-11 19:19:02'),(58,29,1,'1986-03-18 02:23:19','2022-09-11 19:19:02'),(59,21,42,'1998-05-29 12:31:38','2022-09-11 19:19:02'),(60,24,77,'1985-03-04 22:15:03','2022-09-11 19:19:02'),(61,57,86,'1983-11-11 14:37:56','2022-09-11 19:19:02'),(62,61,26,'1985-04-10 05:01:46','2022-09-11 19:19:02'),(63,38,24,'1975-11-18 18:04:10','2022-09-11 19:19:02'),(64,67,16,'1996-04-02 01:12:29','2022-09-11 19:19:02'),(65,20,84,'1994-01-03 04:04:50','2022-09-11 19:19:02'),(66,79,48,'2019-05-14 00:09:08','2022-09-11 19:19:02'),(67,15,51,'1993-04-12 21:14:24','2022-09-11 19:19:02'),(68,77,25,'1986-03-02 14:14:55','2022-09-11 19:19:02'),(69,25,12,'2011-10-30 23:27:35','2022-09-11 19:19:02'),(70,81,91,'1976-11-15 21:36:42','2022-09-11 19:19:02'),(71,98,28,'1985-10-18 05:52:50','2022-09-11 19:19:02'),(72,33,6,'2006-11-15 10:23:48','2022-09-11 19:19:02'),(73,40,48,'1987-03-22 01:13:41','2022-09-11 19:19:02'),(74,63,57,'1994-01-18 19:51:26','2022-09-11 19:19:02'),(75,30,44,'2008-12-02 10:06:34','2022-09-11 19:19:02'),(76,97,17,'1993-09-01 08:47:22','2022-09-11 19:19:02'),(77,70,32,'1998-03-14 12:13:45','2022-09-11 19:19:02'),(78,60,54,'1970-02-01 21:22:16','2022-09-11 19:19:02'),(79,2,36,'1992-04-20 12:44:22','2022-09-11 19:19:02'),(80,88,99,'1973-04-19 05:39:08','2022-09-11 19:19:02'),(81,58,45,'2019-03-28 05:24:39','2022-09-11 19:19:02'),(82,1,55,'1992-03-23 18:54:39','2022-09-11 19:19:02'),(83,100,41,'2004-04-22 06:06:40','2022-09-11 19:19:02'),(84,81,76,'1990-03-02 20:48:40','2022-09-11 19:19:02'),(85,27,74,'2008-09-18 21:22:33','2022-09-11 19:19:02'),(86,89,14,'1996-02-27 23:43:12','2022-09-11 19:19:02'),(87,36,100,'2019-10-08 12:56:22','2022-09-11 19:19:02'),(88,75,76,'1988-02-26 09:27:51','2022-09-11 19:19:02'),(89,98,45,'1973-10-12 07:37:21','2022-09-11 19:19:02'),(90,91,57,'1995-10-17 03:30:43','2022-09-11 19:19:02'),(91,43,83,'2015-09-22 08:05:49','2022-09-11 19:19:02'),(92,89,64,'1971-09-06 10:44:59','2022-09-11 19:19:02'),(93,9,56,'2004-05-03 06:43:49','2022-09-11 19:19:02'),(94,58,77,'2000-11-14 07:59:07','2022-09-11 19:19:02'),(95,21,59,'2005-11-25 17:42:41','2022-09-11 19:19:02'),(96,77,28,'2007-11-10 11:28:18','2022-09-11 19:19:02'),(97,63,99,'2017-08-13 15:04:03','2022-09-11 19:19:02'),(98,1,18,'1999-11-05 06:19:35','2022-09-11 19:19:02'),(99,56,52,'2000-07-30 14:58:45','2022-09-11 19:19:02'),(100,53,25,'2020-05-17 17:20:01','2022-09-11 19:19:02');
/*!40000 ALTER TABLE `media_likes` ENABLE KEYS */;
UNLOCK TABLES;

--
-- Table structure for table `media_types`
--

DROP TABLE IF EXISTS `media_types`;
/*!40101 SET @saved_cs_client     = @@character_set_client */;
/*!50503 SET character_set_client = utf8mb4 */;
CREATE TABLE `media_types` (
  `id` int unsigned NOT NULL AUTO_INCREMENT COMMENT 'Идентификатор строки',
  `name` varchar(255) CHARACTER SET utf8mb4 COLLATE utf8mb4_unicode_ci NOT NULL COMMENT 'Название типа',
  `created_at` datetime DEFAULT CURRENT_TIMESTAMP COMMENT 'Время создания строки',
  `updated_at` datetime DEFAULT CURRENT_TIMESTAMP ON UPDATE CURRENT_TIMESTAMP COMMENT 'Время обновления строки',
  PRIMARY KEY (`id`),
  UNIQUE KEY `name` (`name`)
) ENGINE=InnoDB AUTO_INCREMENT=4 DEFAULT CHARSET=utf8mb4 COLLATE=utf8mb4_unicode_ci COMMENT='Типы медиафайлов';
/*!40101 SET character_set_client = @saved_cs_client */;

--
-- Dumping data for table `media_types`
--

LOCK TABLES `media_types` WRITE;
/*!40000 ALTER TABLE `media_types` DISABLE KEYS */;
INSERT INTO `media_types` VALUES (1,'photo','2022-09-11 17:10:04','2022-09-11 17:10:04'),(2,'video','2022-09-11 17:10:04','2022-09-11 17:10:04'),(3,'audio','2022-09-11 17:10:04','2022-09-11 17:10:04');
/*!40000 ALTER TABLE `media_types` ENABLE KEYS */;
UNLOCK TABLES;

--
-- Table structure for table `messages`
--

DROP TABLE IF EXISTS `messages`;
/*!40101 SET @saved_cs_client     = @@character_set_client */;
/*!50503 SET character_set_client = utf8mb4 */;
CREATE TABLE `messages` (
  `id` int unsigned NOT NULL AUTO_INCREMENT COMMENT 'Идентификатор строки',
  `from_user_id` int unsigned NOT NULL COMMENT 'Ссылка на отправителя сообщения',
  `to_user_id` int unsigned NOT NULL COMMENT 'Ссылка на получателя сообщения',
  `body` text CHARACTER SET utf8mb4 COLLATE utf8mb4_unicode_ci NOT NULL COMMENT 'Текст сообщения',
  `is_important` tinyint(1) DEFAULT NULL COMMENT 'Признак важности',
  `is_delivered` tinyint(1) DEFAULT NULL COMMENT 'Признак доставки',
  `created_at` datetime DEFAULT CURRENT_TIMESTAMP COMMENT 'Время создания строки',
  `updated_at` datetime DEFAULT CURRENT_TIMESTAMP ON UPDATE CURRENT_TIMESTAMP COMMENT 'Время обновления строки',
  PRIMARY KEY (`id`)
) ENGINE=InnoDB AUTO_INCREMENT=101 DEFAULT CHARSET=utf8mb4 COLLATE=utf8mb4_unicode_ci COMMENT='Сообщения';
/*!40101 SET character_set_client = @saved_cs_client */;

--
-- Dumping data for table `messages`
--

LOCK TABLES `messages` WRITE;
/*!40000 ALTER TABLE `messages` DISABLE KEYS */;
INSERT INTO `messages` VALUES (1,87,20,'Laborum voluptatem voluptatem hic. Recusandae voluptatum debitis architecto unde rerum adipisci. Totam impedit rerum saepe voluptas.',0,1,'1981-03-30 12:41:32','2022-09-11 12:49:11'),(2,39,33,'Impedit est rerum quibusdam et. Omnis aut quisquam cumque fugiat. Omnis minima qui praesentium est porro provident. Ut neque incidunt eos.',0,1,'2011-03-14 10:13:21','2022-09-11 12:49:11'),(3,49,46,'Sit qui cumque nesciunt et. Magni ut aperiam laudantium ut dolor. Cum id id quod vero optio illum rerum. Veniam quia porro eveniet fugit ex ducimus ea similique.',1,1,'2020-01-22 23:32:47','2022-09-11 12:49:11'),(4,80,64,'Dolor pariatur neque sed magnam optio. Est ab eum esse non. Vero vero ut accusantium odio.',1,1,'2011-10-12 00:20:44','2022-09-11 12:49:11'),(5,77,94,'Quisquam et totam voluptatum deleniti qui. Voluptatem sed non ducimus odit dolorem et perspiciatis. Et unde ut dolores soluta est. Eum officia expedita vel minus dolorem.',0,0,'2005-03-26 19:23:38','2022-09-11 12:49:11'),(6,38,10,'Quibusdam incidunt expedita dolorum culpa hic aut corrupti sit. Assumenda praesentium totam ut distinctio eaque delectus qui. Earum aut perspiciatis et laudantium repellendus.',0,0,'2017-02-10 16:25:10','2022-09-11 12:49:11'),(7,33,36,'Non sit reprehenderit a accusantium aliquam optio repellat. Laboriosam aliquid quas nulla amet quaerat molestiae quia et. Eaque magni ut temporibus eius rerum.',0,0,'1970-05-30 11:05:36','2022-09-11 12:49:11'),(8,78,83,'Saepe omnis dolor rerum deserunt. Consequatur tempore dolores eaque ut aut animi exercitationem atque. Explicabo et sapiente molestiae eveniet hic.',1,1,'1979-12-06 04:38:49','2022-09-11 12:49:11'),(9,81,55,'Eos dolores beatae tempora cumque et est quis. Expedita est corrupti voluptatum quam quod. Quo molestias ut mollitia adipisci praesentium et aut. Molestiae adipisci quaerat ullam atque aut neque necessitatibus.',0,0,'1970-02-07 03:00:17','2022-09-11 12:49:11'),(10,30,87,'Officia dolorem nihil dolores suscipit sint ipsa sunt. Vero sapiente reprehenderit aperiam occaecati. Nesciunt omnis ut illo aut itaque similique est.',1,1,'2009-03-04 00:38:40','2022-09-11 12:49:11'),(11,42,49,'Officiis officia doloribus est sint labore quis. Atque quia aut enim molestiae tenetur veniam dicta. Sint consequuntur pariatur est magnam voluptatibus dicta deleniti.',1,1,'2020-06-30 03:22:30','2022-09-11 12:49:11'),(12,20,53,'Officiis inventore similique officia. Consequuntur mollitia unde repellendus vero dicta. Aspernatur at sed suscipit eum.',1,1,'1970-01-25 19:35:44','2022-09-11 12:49:11'),(13,4,62,'Ut iusto rem voluptas repudiandae iure. Beatae ullam vel et officia. Inventore ut voluptatibus qui et veniam a cupiditate.',1,0,'1984-09-05 18:01:00','2022-09-11 12:49:11'),(14,95,91,'At in deleniti voluptatum. Amet omnis est voluptatibus in rerum iusto eos. Laborum at nihil rerum reprehenderit sequi consequuntur id. Nisi totam molestiae pariatur est.',1,1,'1994-05-08 22:16:22','2022-09-11 12:49:11'),(15,69,72,'Explicabo mollitia nam voluptas dolores. Nostrum doloremque et eum quis vero aperiam. Itaque voluptatem sed est ut laboriosam debitis ratione quibusdam.',0,1,'1999-12-13 08:07:50','2022-09-11 12:49:11'),(16,52,45,'Placeat error voluptate recusandae eos consequatur et voluptatem. Sed corrupti velit quia tempora beatae accusantium. Maxime sed nihil neque et.',0,0,'1977-06-26 21:37:10','2022-09-11 12:49:11'),(17,65,93,'Laborum rerum saepe totam. Laborum aliquam neque officia repudiandae perferendis ut. Sit temporibus mollitia natus aut.',1,1,'1997-01-11 20:19:00','2022-09-11 12:49:11'),(18,69,66,'Ab beatae exercitationem hic et id voluptas. Nihil et ea odit quos eum tempora eum. Reiciendis consectetur ducimus est.',0,1,'1984-01-31 22:55:14','2022-09-11 12:49:11'),(19,22,13,'Similique ut aut facere corporis. Voluptate est laborum qui quis ducimus qui facilis. Et totam libero excepturi et quisquam et. Eos quod in nihil velit magnam et officiis doloribus.',1,1,'1985-07-11 12:37:36','2022-09-11 12:49:11'),(20,99,55,'Dolorem illum vitae et voluptatem atque atque quo. Maxime magnam dolorem est voluptates. Hic ut aliquid a et expedita. Tenetur aut iusto autem fugiat ea ipsam.',0,0,'2017-03-23 13:22:26','2022-09-11 12:49:11'),(21,78,23,'Eum aliquid est et quo. Veritatis velit ut maiores ullam. Iste ducimus sed suscipit quis beatae vel. Aut amet libero deleniti ea animi magni.',1,0,'2015-02-15 09:23:10','2022-09-11 12:49:11'),(22,83,44,'Nobis voluptatibus ut laboriosam possimus. Et voluptas suscipit praesentium quo similique fuga provident. Aliquam quis perferendis laudantium et eos eaque laborum qui.',1,0,'1995-01-29 16:07:16','2022-09-11 12:49:11'),(23,71,23,'Eligendi in voluptas incidunt. Quod autem consequatur similique ut quasi. Ad veritatis consectetur et voluptas itaque.',0,0,'1979-03-19 12:51:54','2022-09-11 12:49:11'),(24,2,40,'Et sequi necessitatibus ut incidunt qui cupiditate saepe. Eum et delectus iure et consequatur ipsa. Autem dolorem ex omnis aut velit ea sit. Eius aut unde velit nisi corporis fugiat.',1,1,'1991-09-14 20:45:24','2022-09-11 12:49:11'),(25,95,51,'Laudantium incidunt dolore odit. Sint occaecati commodi dolorem quis temporibus. Quisquam nobis quae totam quos. Et accusamus perferendis aliquam error dicta quas aut.',1,0,'2008-04-02 02:31:19','2022-09-11 12:49:11'),(26,72,8,'Est sunt deserunt laborum eos. Ratione qui hic eum nemo ad nesciunt. Molestiae ab odio explicabo quis.',1,0,'1979-12-18 15:19:21','2022-09-11 12:49:11'),(27,22,84,'Quam rem quod consequatur architecto ullam id voluptatem. Rerum molestias doloribus omnis accusantium ut ipsa. Sit maxime nesciunt eius sapiente consequuntur repellendus doloremque.',0,0,'2009-10-28 19:59:12','2022-09-11 12:49:11'),(28,56,27,'Nihil ipsum ut quo eos eligendi doloremque. Explicabo at voluptate placeat tempore atque. Eos non itaque voluptas excepturi. Est similique non modi et.',1,0,'2016-03-10 11:53:58','2022-09-11 12:49:11'),(29,65,45,'Vitae nobis quis quia aut nemo tenetur. Maxime est numquam ea atque necessitatibus aut et dolore. Esse laboriosam earum exercitationem facere.',0,1,'2006-04-21 17:42:05','2022-09-11 12:49:11'),(30,28,6,'Aliquid quisquam excepturi quia enim vero. Quidem vel in molestias inventore. Beatae repellendus mollitia cum illo tempora nam.',0,1,'2021-11-13 03:56:22','2022-09-11 12:49:11'),(31,45,5,'Ut repudiandae consequatur dolorum voluptatem. Nihil natus et magni.',1,1,'1995-11-09 00:59:21','2022-09-11 12:49:11'),(32,91,41,'Et vero earum ut iusto unde ipsum neque. Eos incidunt provident natus nihil eaque sequi. Corporis non incidunt veniam quis est voluptas et occaecati. Porro dolores enim vero.',0,0,'2010-11-09 03:10:19','2022-09-11 12:49:11'),(33,31,31,'Nisi quia dolorem blanditiis optio molestiae debitis. Voluptates odio velit delectus provident sed voluptate. Ut reiciendis corporis in. Adipisci vitae voluptas consequatur.',1,0,'2014-01-30 07:31:53','2022-09-11 12:49:11'),(34,63,20,'Cupiditate quae voluptate sint tenetur. Voluptatum vel voluptas sunt ex. Mollitia aperiam veritatis quasi perferendis dolorum. Est nesciunt quos ut autem explicabo ab voluptate.',0,1,'2013-05-23 08:56:33','2022-09-11 12:49:11'),(35,11,95,'Accusamus ad ut nemo qui. Dignissimos corrupti dolorem optio quos.',1,1,'1995-11-14 03:27:26','2022-09-11 12:49:11'),(36,41,19,'Molestiae voluptas saepe aut quisquam ut id veniam quis. Repellat inventore officia omnis iste cupiditate dolorum nisi. Eum exercitationem cupiditate et atque repellat quae ipsum.',1,1,'1978-10-21 01:00:39','2022-09-11 12:49:11'),(37,70,93,'Magnam sit unde sit voluptates voluptatibus minima assumenda. Incidunt tempore sit optio exercitationem excepturi architecto. Deleniti at et voluptates praesentium corporis quam.',0,0,'2020-04-02 07:11:36','2022-09-11 12:49:11'),(38,56,100,'Et quos necessitatibus ipsum. Eos consequatur a nulla eveniet. Qui facere qui odio omnis consequuntur veritatis ducimus placeat. Earum vel incidunt voluptas est rerum quisquam veniam. Voluptate dolor qui quod voluptatem dignissimos.',1,1,'1995-09-13 01:03:40','2022-09-11 12:49:11'),(39,33,64,'Deserunt nemo sequi et cum rerum qui ut aliquam. Quia ut repudiandae mollitia placeat in iste tempore molestiae.',0,1,'1989-10-03 23:37:28','2022-09-11 12:49:11'),(40,21,13,'Rerum commodi delectus et nihil consequatur. Iusto qui similique consequuntur omnis. Suscipit sit accusantium voluptatem itaque. Voluptas rerum voluptate aliquam explicabo culpa ut.',0,1,'2000-03-17 12:05:47','2022-09-11 12:49:11'),(41,1,66,'Voluptatem nisi qui nihil voluptas perspiciatis fugit quis. Ratione dignissimos occaecati autem est ut non tenetur. Perferendis eum itaque aut in. Doloremque expedita hic distinctio optio quaerat perspiciatis eos.',0,0,'2000-07-06 15:55:13','2022-09-11 12:49:11'),(42,28,40,'Quis cum est voluptatum recusandae. Rerum sed temporibus quo perspiciatis occaecati adipisci sit cum. Exercitationem architecto adipisci harum earum tempora. Libero consectetur omnis praesentium aspernatur sit.',1,1,'1985-09-19 01:00:03','2022-09-11 12:49:11'),(43,16,59,'Earum cum hic accusantium magni. Sint omnis enim sed esse quos. Deleniti qui iure ea.',1,1,'2008-12-05 03:27:49','2022-09-11 12:49:11'),(44,47,56,'Maiores facere voluptas a exercitationem dolores. Non libero sunt quia amet autem.',0,1,'2007-01-14 16:03:27','2022-09-11 12:49:11'),(45,40,32,'Voluptas et sint perferendis. Dicta perspiciatis sint velit aliquam.',1,1,'1979-06-06 03:59:40','2022-09-11 12:49:11'),(46,41,5,'Assumenda sequi in distinctio ut ut similique. Optio consequatur fugit sit quasi. Sed ut amet maiores ducimus et quo nihil. Labore doloremque rem vel assumenda non laboriosam odio asperiores.',1,0,'2011-08-04 08:31:37','2022-09-11 12:49:11'),(47,5,6,'Quaerat ducimus nesciunt ut ipsum ducimus repudiandae dolorem. Cupiditate velit fugit ipsum sunt laborum libero. Earum quod eius at possimus ullam. Sapiente natus voluptatem ipsum omnis aut dolorem.',1,0,'1993-01-27 00:28:43','2022-09-11 12:49:11'),(48,16,63,'Consequuntur non rerum sint sunt ut et earum harum. Blanditiis dolore dolorem veniam non aliquam consequatur. Voluptatum voluptates nulla ut inventore doloremque quae voluptatem voluptatem. Recusandae voluptatum est autem reiciendis veritatis dolorum voluptatem.',0,0,'2010-04-28 16:13:09','2022-09-11 12:49:11'),(49,64,31,'Aut consequuntur ea modi sit et doloribus. Ea impedit error id nesciunt. Qui voluptate ratione et corporis eum omnis harum. Aut dicta sunt ex repellat nihil aperiam autem. Laboriosam praesentium tenetur rerum esse.',0,0,'1974-12-30 21:35:30','2022-09-11 12:49:11'),(50,62,19,'Quod a ut praesentium ipsam consequatur numquam. Possimus et voluptatum nisi non accusamus facilis soluta cumque. Eos cum officia et et. Nam nulla et quia ad non ut.',1,0,'1983-11-03 22:18:31','2022-09-11 12:49:11'),(51,6,73,'Accusantium vitae placeat veniam. Quasi hic maxime ea sed totam ipsa.',0,1,'1970-09-23 21:09:38','2022-09-11 12:49:11'),(52,46,13,'Voluptas aspernatur dicta sed voluptas cupiditate in dolorum. Perferendis omnis non nostrum tenetur pariatur ut.',0,1,'2011-06-22 20:45:33','2022-09-11 12:49:11'),(53,24,81,'Similique nesciunt molestiae dignissimos dolor. Unde assumenda eum dicta et sunt. Sit illum at ab expedita consequatur reiciendis. Adipisci eligendi quod reiciendis harum quos aliquam.',1,0,'2008-08-10 07:08:59','2022-09-11 12:49:11'),(54,31,14,'Quaerat incidunt ab voluptas natus aut reiciendis voluptas quasi. Est assumenda eos voluptatem ipsum distinctio molestias rem. Explicabo sapiente accusamus praesentium aut accusamus facere pariatur. Maxime consequatur eum nisi voluptatem quis. Ut quo magni quis labore deleniti neque.',1,1,'1984-11-08 17:35:05','2022-09-11 12:49:11'),(55,74,29,'Iure enim excepturi hic fuga quo. Doloremque quia nihil laudantium ratione. Facilis facere ad natus dolorum voluptatum vero. Unde et magni dicta.',1,0,'2011-08-14 17:37:03','2022-09-11 12:49:11'),(56,21,17,'Temporibus occaecati et consequuntur quis quae assumenda. Quia aut quaerat repudiandae rerum recusandae beatae. Voluptas ut enim consequuntur quod excepturi dolor reprehenderit.',1,1,'2016-09-20 14:09:19','2022-09-11 12:49:11'),(57,24,66,'Doloribus modi est velit aliquid laboriosam. Quisquam dolorem nihil vitae dolor numquam quis quia. Quod est quis qui alias enim animi. Aut nemo ab praesentium quo quo aut minus. Dolor id minima eos aut saepe sed.',0,1,'2000-03-21 10:22:25','2022-09-11 12:49:11'),(58,60,2,'Blanditiis maxime quo et asperiores dolore aut hic. Assumenda mollitia corrupti aperiam ut repellat debitis. Distinctio facere numquam inventore eum dolor aut vel. Incidunt corrupti neque repudiandae ullam explicabo dignissimos eum.',0,0,'2014-09-27 01:27:44','2022-09-11 12:49:11'),(59,27,30,'Architecto voluptates velit nam non. Quam autem eum rerum deserunt veritatis tempora. Aut soluta ut totam. Et quos amet saepe enim cum sit est.',0,0,'1971-09-28 05:38:02','2022-09-11 12:49:11'),(60,66,42,'Est labore suscipit inventore aspernatur. Dolor et a expedita illum. Sit voluptas praesentium doloribus sapiente repudiandae laborum.',1,1,'1976-11-08 05:41:44','2022-09-11 12:49:11'),(61,13,36,'Totam est sit rem expedita voluptatem doloremque tempora non. Ut excepturi est mollitia delectus consequuntur veniam tempore. Laboriosam ea nihil natus ut voluptatem. Voluptates ipsa tempore quos dolor incidunt.',0,0,'1973-08-13 00:45:25','2022-09-11 12:49:11'),(62,43,4,'Dolores eius tempore placeat reprehenderit eum et et ut. Voluptatibus beatae quia repudiandae numquam. Voluptates neque assumenda ad quia tenetur assumenda corrupti. Pariatur aspernatur dignissimos voluptatem excepturi quo.',0,0,'2009-10-09 00:18:50','2022-09-11 12:49:11'),(63,89,36,'Consequuntur mollitia vitae quibusdam qui. Qui vel facilis aliquid. Est dignissimos ut magni et porro.',0,0,'1987-03-28 16:35:56','2022-09-11 12:49:11'),(64,11,47,'Minus voluptatem distinctio molestiae et placeat at voluptatem. Adipisci itaque consequatur enim dolor. Velit corporis accusamus laudantium molestiae dolorem accusantium doloremque. Qui aut similique id neque autem omnis dolor a.',0,1,'1994-10-19 16:16:26','2022-09-11 12:49:11'),(65,2,66,'Quibusdam necessitatibus voluptas eum impedit dolore aut non. Vitae assumenda repellat dolorum ut excepturi possimus sequi. Aut velit nam voluptas vitae. Sint placeat autem ad ab.',0,1,'1998-11-17 23:32:55','2022-09-11 12:49:11'),(66,25,24,'Sunt explicabo nihil libero. Cupiditate qui officiis a aut. Voluptates nemo necessitatibus accusamus id iste id.',0,0,'2007-11-08 10:26:48','2022-09-11 12:49:11'),(67,47,64,'Quaerat consequuntur dolores quia eligendi itaque eum hic. Sed aut reprehenderit iusto veritatis illo ut.',1,1,'1997-04-13 05:20:25','2022-09-11 12:49:11'),(68,77,93,'Rerum fuga deserunt mollitia nulla nisi. Necessitatibus modi et tenetur numquam. Aliquam adipisci vel tenetur molestiae sed.',1,1,'2001-12-22 17:19:54','2022-09-11 12:49:11'),(69,34,91,'Sit et sit possimus quasi. Perferendis consectetur autem eos quos deleniti minima. Occaecati ex occaecati quaerat aliquid totam sint. Fugit aspernatur quos perspiciatis doloremque molestiae.',1,0,'1980-02-06 17:50:34','2022-09-11 12:49:11'),(70,51,82,'Dolor repellat quasi et natus et beatae itaque. Quod temporibus ut dignissimos quis ducimus. Praesentium pariatur voluptatum quam aut. Ratione est consequatur ut autem.',0,0,'2007-08-06 05:47:56','2022-09-11 12:49:11'),(71,57,37,'Saepe iusto consequuntur quia ipsa. Esse accusamus totam quia nesciunt. Et optio in sunt tenetur nesciunt.',1,0,'2014-10-15 12:07:45','2022-09-11 12:49:11'),(72,15,63,'Voluptas est optio non. Illum eligendi doloremque voluptatem alias voluptas commodi. Nostrum quia est non quo aut numquam.',1,1,'2000-08-21 15:48:04','2022-09-11 12:49:11'),(73,71,66,'Ad libero excepturi officiis blanditiis itaque et quia. Cum quibusdam quia molestiae voluptas. Provident quo eos quia exercitationem quia. Animi aut veniam quis libero distinctio vero. Sed quo sapiente nesciunt necessitatibus blanditiis.',0,0,'2004-01-03 09:49:21','2022-09-11 12:49:11'),(74,14,71,'Recusandae accusamus et qui nam. Expedita excepturi nostrum magni magnam. Non magni quos ullam optio accusamus totam. Autem molestiae molestiae ea omnis architecto quos provident.',0,0,'1975-08-21 12:44:42','2022-09-11 12:49:11'),(75,14,54,'Voluptatibus reprehenderit ex laboriosam aut. Perspiciatis qui doloremque minus aut culpa earum at. Perspiciatis beatae nihil deleniti temporibus.',1,1,'1986-08-31 03:56:08','2022-09-11 12:49:11'),(76,29,85,'Blanditiis distinctio voluptas et suscipit modi sed saepe. Commodi laudantium odit facilis rem molestiae ut. Nostrum quasi aut sequi dolorem consequatur qui. Assumenda sint necessitatibus nemo suscipit nesciunt voluptas corrupti.',1,1,'1990-02-11 00:53:24','2022-09-11 12:49:11'),(77,34,15,'Repellat est quidem ea illum aut. Nihil ducimus ut sunt. Esse nam quibusdam natus eos in quas dolor.',1,1,'1977-07-06 01:32:45','2022-09-11 12:49:11'),(78,72,16,'Officiis voluptatem soluta porro quos non et eligendi veritatis. Facere quam at doloremque sunt. Non perspiciatis neque ab sit sit vel aliquam.',1,0,'2012-09-03 23:46:46','2022-09-11 12:49:11'),(79,63,68,'Ex occaecati nesciunt distinctio. Sequi voluptatum eos quia aut ipsam sed. Quia ut at et facere voluptatem. Eos sit occaecati corporis ad.',1,1,'1993-08-23 21:01:50','2022-09-11 12:49:11'),(80,50,47,'Labore reiciendis eum sed explicabo fugit magni. Exercitationem et est blanditiis et aperiam. Voluptas ut enim autem deleniti harum. Voluptatibus molestiae dolores asperiores minima quam.',1,0,'1992-09-24 17:26:18','2022-09-11 12:49:11'),(81,84,79,'Sed minus culpa tempora. Aut ipsum omnis quia vitae sed quas. Omnis laborum facilis recusandae harum. Eveniet voluptates placeat beatae quae amet.',0,1,'2012-07-04 00:22:20','2022-09-11 12:49:11'),(82,40,65,'Molestiae quia exercitationem reprehenderit quia nostrum unde voluptas. Quo dolorum sapiente at quia. Sint et id id nostrum.',0,0,'1999-03-08 18:20:09','2022-09-11 12:49:11'),(83,5,27,'Sint autem ad aut corporis quaerat occaecati. Tenetur iure esse accusantium illo ab aut. In aut quis nostrum ratione fugiat. Ducimus rerum aliquam iure impedit atque rerum.',1,1,'2021-12-05 10:07:47','2022-09-11 12:49:11'),(84,19,15,'Vero et voluptate similique rerum ad. Quam sed voluptatem maxime occaecati sit suscipit culpa. Sed temporibus quia deleniti maxime quod voluptatum enim deserunt. Quia necessitatibus consequatur ipsum aperiam.',1,0,'1998-08-26 12:10:12','2022-09-11 12:49:11'),(85,16,35,'Adipisci et provident et aut quia voluptatem. Ab et id quam nulla nemo dignissimos eos. Aut dolorum magni commodi molestias.',1,0,'2022-03-01 07:38:06','2022-09-11 12:49:11'),(86,25,22,'Expedita laudantium est et doloremque sequi. Fuga minus pariatur maiores eaque non eum enim. Dolores ducimus voluptatem omnis. Laudantium aliquid et omnis ipsum.',0,1,'1998-06-03 03:04:53','2022-09-11 12:49:11'),(87,32,96,'Ut ut consequatur minus labore neque. In atque commodi voluptates magni. Quisquam perspiciatis veniam at unde dicta. Incidunt sequi nulla dolorem tempora possimus est minima.',1,1,'2007-07-13 07:24:37','2022-09-11 12:49:11'),(88,83,26,'Voluptatum placeat est ut dolores eaque consequuntur aliquam. Ut sed inventore cumque enim quae. Odit quo rerum dolore eos dolores saepe.',0,0,'2009-03-12 19:33:44','2022-09-11 12:49:11'),(89,79,18,'Inventore magnam fugiat eos nam. Doloribus doloremque dolorum corrupti et exercitationem dolorem. Vel minus consequatur asperiores distinctio in est rerum.',0,0,'2001-07-24 12:06:03','2022-09-11 12:49:11'),(90,54,14,'Dolorem excepturi esse architecto eos. Qui nulla aut odit odit. Sit vero dolores qui ducimus vero natus occaecati.',1,1,'1973-08-08 21:13:14','2022-09-11 12:49:11'),(91,8,96,'Commodi ipsum non et eum eos tempore autem sequi. Sunt qui ipsa aut ipsum facilis quae. Consequatur molestias dignissimos explicabo eius quis blanditiis.',1,1,'1982-03-11 09:07:09','2022-09-11 12:49:11'),(92,58,1,'Soluta nobis qui voluptates veniam. Ut dolorem eos sint doloribus quia nisi quasi. Quia recusandae eum quisquam provident sapiente atque velit.',1,1,'2010-02-19 20:06:30','2022-09-11 12:49:11'),(93,31,53,'Explicabo dolor quaerat cum itaque laboriosam sit nihil. Voluptatem officiis cumque architecto et beatae distinctio dolorum nobis. Sed at ipsum error nesciunt nam cupiditate voluptatem. Sint quia rerum iure et iusto cupiditate expedita.',1,0,'1993-10-10 19:33:28','2022-09-11 12:49:11'),(94,69,87,'Ut neque repellat est iure. Itaque et tenetur corrupti corrupti illo illo omnis ratione. Distinctio qui voluptas autem ut quae. Voluptate qui eligendi dicta fugiat excepturi eum earum quia.',0,1,'1990-10-25 12:13:39','2022-09-11 12:49:11'),(95,27,74,'Et inventore nihil ut ea facere consequatur. Voluptate reiciendis vitae cumque consequatur neque.',1,1,'1982-06-29 23:34:25','2022-09-11 12:49:11'),(96,89,20,'Culpa voluptatem provident explicabo dolorem ut at. Sit repellat accusantium nihil aut dignissimos quod. Quos veritatis omnis molestias cupiditate eum veritatis doloremque. Illum molestiae qui cupiditate exercitationem molestiae error labore.',1,0,'1999-08-26 03:03:11','2022-09-11 12:49:11'),(97,33,5,'Ipsa atque doloribus temporibus consequuntur blanditiis. Quis repellendus rerum sint molestiae. Velit accusantium rem voluptatem odit incidunt iusto perspiciatis.',1,1,'2018-06-15 08:00:59','2022-09-11 12:49:11'),(98,27,19,'Fugiat eius dignissimos fugit enim provident minus voluptatem. Sit maiores ad qui quas quia consequuntur. Doloremque omnis reiciendis qui nam necessitatibus repellendus quam. Quibusdam facilis cupiditate nemo natus aspernatur.',1,0,'2011-05-27 09:00:33','2022-09-11 12:49:11'),(99,11,100,'Neque est porro ratione autem. Necessitatibus minima sint fugit enim dolorem qui. Laudantium eligendi accusantium aut. Occaecati eveniet adipisci ut ex aut hic asperiores.',1,0,'2009-07-22 15:15:07','2022-09-11 12:49:11'),(100,66,30,'Eum qui exercitationem veritatis omnis magni eaque. Dolor neque fugiat praesentium voluptatem tenetur. Est facilis sed perferendis unde rem. Alias doloribus quas quo.',1,1,'2004-05-22 17:55:42','2022-09-11 12:49:11');
/*!40000 ALTER TABLE `messages` ENABLE KEYS */;
UNLOCK TABLES;

--
-- Table structure for table `messages_likes`
--

DROP TABLE IF EXISTS `messages_likes`;
/*!40101 SET @saved_cs_client     = @@character_set_client */;
/*!50503 SET character_set_client = utf8mb4 */;
CREATE TABLE `messages_likes` (
  `id` int unsigned NOT NULL AUTO_INCREMENT COMMENT 'Идентификатор строки',
  `from_user_id` int unsigned NOT NULL COMMENT 'Ссылка на пользователя, который поставил лайк',
  `messages_id` int NOT NULL COMMENT 'Ссылка на сообщение, которому поставили  лайк',
  `created_at` datetime DEFAULT CURRENT_TIMESTAMP COMMENT 'Время создания строки',
  `updated_at` datetime DEFAULT CURRENT_TIMESTAMP ON UPDATE CURRENT_TIMESTAMP COMMENT 'Время обновления строки',
  PRIMARY KEY (`id`)
) ENGINE=InnoDB AUTO_INCREMENT=101 DEFAULT CHARSET=utf8mb4 COLLATE=utf8mb4_unicode_ci COMMENT='Лайки сообщений';
/*!40101 SET character_set_client = @saved_cs_client */;

--
-- Dumping data for table `messages_likes`
--

LOCK TABLES `messages_likes` WRITE;
/*!40000 ALTER TABLE `messages_likes` DISABLE KEYS */;
INSERT INTO `messages_likes` VALUES (1,100,92,'1990-10-11 23:11:04','2022-09-11 19:19:07'),(2,10,22,'1975-10-22 16:27:36','2022-09-11 19:19:07'),(3,91,84,'1976-07-24 13:12:41','2022-09-11 19:19:07'),(4,31,1,'2008-07-04 23:14:09','2022-09-11 19:19:07'),(5,59,50,'2006-09-13 12:48:34','2022-09-11 19:19:07'),(6,50,46,'1988-03-01 15:30:04','2022-09-11 19:19:07'),(7,11,12,'1988-04-03 09:27:52','2022-09-11 19:19:07'),(8,55,18,'1987-04-24 04:36:31','2022-09-11 19:19:07'),(9,40,21,'1979-12-14 09:06:56','2022-09-11 19:19:07'),(10,70,38,'1974-02-04 11:51:11','2022-09-11 19:19:07'),(11,65,35,'1991-02-01 19:12:31','2022-09-11 19:19:07'),(12,7,21,'1974-11-22 10:38:04','2022-09-11 19:19:07'),(13,32,70,'1974-06-13 15:11:54','2022-09-11 19:19:07'),(14,44,48,'1971-06-10 01:18:52','2022-09-11 19:19:07'),(15,40,74,'1995-03-14 08:37:34','2022-09-11 19:19:07'),(16,65,77,'1982-06-27 09:50:41','2022-09-11 19:19:07'),(17,75,94,'2004-08-08 13:46:38','2022-09-11 19:19:07'),(18,33,92,'2017-09-24 17:05:03','2022-09-11 19:19:07'),(19,50,90,'1978-10-25 08:27:19','2022-09-11 19:19:07'),(20,55,81,'1993-05-25 07:33:12','2022-09-11 19:19:07'),(21,95,32,'1984-11-20 15:24:18','2022-09-11 19:19:07'),(22,95,76,'1987-11-15 14:57:40','2022-09-11 19:19:07'),(23,58,49,'2012-09-06 09:47:36','2022-09-11 19:19:07'),(24,29,40,'1992-07-16 21:42:58','2022-09-11 19:19:07'),(25,27,23,'2011-07-26 13:01:38','2022-09-11 19:19:07'),(26,48,66,'1995-04-16 08:01:19','2022-09-11 19:19:07'),(27,64,42,'1986-11-01 20:24:37','2022-09-11 19:19:07'),(28,84,95,'2016-10-09 12:51:31','2022-09-11 19:19:07'),(29,14,33,'1984-10-22 19:15:06','2022-09-11 19:19:07'),(30,5,70,'1999-12-16 20:03:41','2022-09-11 19:19:07'),(31,68,17,'2007-03-28 17:03:33','2022-09-11 19:19:07'),(32,33,87,'1994-08-23 00:14:09','2022-09-11 19:19:07'),(33,23,5,'1974-09-17 05:51:03','2022-09-11 19:19:07'),(34,38,2,'2018-05-21 07:10:36','2022-09-11 19:19:07'),(35,6,84,'1980-09-26 17:48:54','2022-09-11 19:19:07'),(36,65,77,'1971-01-11 12:43:34','2022-09-11 19:19:07'),(37,77,94,'2020-12-04 00:20:37','2022-09-11 19:19:07'),(38,72,1,'1982-02-01 07:34:21','2022-09-11 19:19:07'),(39,79,59,'2008-07-30 13:19:36','2022-09-11 19:19:07'),(40,50,18,'1985-01-04 20:16:38','2022-09-11 19:19:07'),(41,39,98,'1972-05-28 10:01:15','2022-09-11 19:19:07'),(42,87,1,'1988-04-28 11:39:09','2022-09-11 19:19:07'),(43,90,30,'1987-07-07 14:54:48','2022-09-11 19:19:07'),(44,32,61,'2018-04-03 02:31:28','2022-09-11 19:19:07'),(45,98,79,'1992-02-27 13:18:46','2022-09-11 19:19:07'),(46,59,51,'1983-06-25 00:46:41','2022-09-11 19:19:07'),(47,43,44,'1983-07-25 05:46:15','2022-09-11 19:19:07'),(48,76,81,'1975-06-12 00:59:47','2022-09-11 19:19:07'),(49,59,38,'2003-09-05 12:32:46','2022-09-11 19:19:07'),(50,24,80,'2006-07-10 00:08:03','2022-09-11 19:19:07'),(51,31,81,'1987-09-24 23:29:17','2022-09-11 19:19:07'),(52,57,10,'1998-05-19 05:07:11','2022-09-11 19:19:07'),(53,98,54,'2017-07-06 07:01:11','2022-09-11 19:19:07'),(54,43,27,'2005-03-21 12:25:06','2022-09-11 19:19:07'),(55,31,32,'1991-12-23 12:49:12','2022-09-11 19:19:07'),(56,92,57,'1979-11-11 21:04:02','2022-09-11 19:19:07'),(57,61,87,'1994-01-18 20:04:07','2022-09-11 19:19:07'),(58,32,43,'2009-10-27 21:02:50','2022-09-11 19:19:07'),(59,47,29,'1978-06-21 22:51:36','2022-09-11 19:19:07'),(60,9,50,'1981-06-07 21:32:20','2022-09-11 19:19:07'),(61,43,94,'1994-06-01 05:35:09','2022-09-11 19:19:07'),(62,30,32,'2018-08-16 06:13:38','2022-09-11 19:19:07'),(63,70,52,'2012-02-18 10:49:21','2022-09-11 19:19:07'),(64,59,94,'2007-10-26 16:43:17','2022-09-11 19:19:07'),(65,83,12,'2015-06-28 12:28:34','2022-09-11 19:19:07'),(66,40,78,'1987-12-08 22:41:43','2022-09-11 19:19:07'),(67,18,68,'1999-03-13 14:58:05','2022-09-11 19:19:07'),(68,76,86,'1979-04-17 16:53:06','2022-09-11 19:19:07'),(69,71,20,'1981-05-11 10:31:39','2022-09-11 19:19:07'),(70,70,97,'2011-11-08 10:28:29','2022-09-11 19:19:07'),(71,90,60,'2003-08-18 08:31:33','2022-09-11 19:19:07'),(72,76,69,'2007-09-12 12:29:51','2022-09-11 19:19:07'),(73,25,71,'2005-12-06 16:42:31','2022-09-11 19:19:07'),(74,92,14,'2004-10-04 16:08:48','2022-09-11 19:19:07'),(75,10,17,'1989-08-30 11:14:46','2022-09-11 19:19:07'),(76,53,96,'1979-10-19 19:14:38','2022-09-11 19:19:07'),(77,12,74,'2015-10-08 20:12:58','2022-09-11 19:19:07'),(78,56,39,'2015-03-21 19:30:04','2022-09-11 19:19:07'),(79,54,65,'2021-03-12 17:18:27','2022-09-11 19:19:07'),(80,15,76,'2015-09-05 16:27:35','2022-09-11 19:19:07'),(81,98,49,'1974-09-09 17:31:09','2022-09-11 19:19:07'),(82,28,45,'1975-05-28 05:32:31','2022-09-11 19:19:07'),(83,35,4,'1971-03-23 05:16:13','2022-09-11 19:19:07'),(84,5,62,'1993-12-22 09:17:19','2022-09-11 19:19:07'),(85,76,38,'1998-01-30 16:16:15','2022-09-11 19:19:07'),(86,4,67,'1974-12-26 19:35:07','2022-09-11 19:19:07'),(87,85,20,'1973-10-29 17:35:13','2022-09-11 19:19:07'),(88,83,68,'1982-06-19 18:17:55','2022-09-11 19:19:07'),(89,97,9,'1990-03-01 19:42:23','2022-09-11 19:19:07'),(90,90,56,'1990-03-21 00:52:36','2022-09-11 19:19:07'),(91,42,83,'1987-09-13 23:23:53','2022-09-11 19:19:07'),(92,72,59,'2018-08-20 18:15:21','2022-09-11 19:19:07'),(93,85,80,'1991-07-26 06:31:12','2022-09-11 19:19:07'),(94,68,85,'1997-08-13 09:33:34','2022-09-11 19:19:07'),(95,16,84,'2019-05-05 19:50:49','2022-09-11 19:19:07'),(96,81,26,'1997-12-11 07:23:38','2022-09-11 19:19:07'),(97,96,28,'2008-09-26 16:11:54','2022-09-11 19:19:07'),(98,96,97,'1982-04-25 20:36:29','2022-09-11 19:19:07'),(99,44,86,'2022-01-07 07:23:17','2022-09-11 19:19:07'),(100,77,62,'1979-12-15 00:09:02','2022-09-11 19:19:07');
/*!40000 ALTER TABLE `messages_likes` ENABLE KEYS */;
UNLOCK TABLES;

--
-- Table structure for table `profiles`
--

DROP TABLE IF EXISTS `profiles`;
/*!40101 SET @saved_cs_client     = @@character_set_client */;
/*!50503 SET character_set_client = utf8mb4 */;
CREATE TABLE `profiles` (
  `user_id` int unsigned NOT NULL COMMENT 'Ссылка на пользователя',
  `gender` char(1) CHARACTER SET utf8mb4 COLLATE utf8mb4_unicode_ci NOT NULL COMMENT 'Пол',
  `birthday` date DEFAULT NULL COMMENT 'Дата рождения',
  `photo_id` int unsigned DEFAULT NULL COMMENT 'Ссылка на основную фотографию пользователя',
  `user_status_id` int unsigned DEFAULT NULL,
  `city` varchar(130) CHARACTER SET utf8mb4 COLLATE utf8mb4_unicode_ci DEFAULT NULL COMMENT 'Город проживания',
  `country` varchar(130) CHARACTER SET utf8mb4 COLLATE utf8mb4_unicode_ci DEFAULT NULL COMMENT 'Страна проживания',
  `created_at` datetime DEFAULT CURRENT_TIMESTAMP COMMENT 'Время создания строки',
  `updated_at` datetime DEFAULT CURRENT_TIMESTAMP ON UPDATE CURRENT_TIMESTAMP COMMENT 'Время обновления строки',
  PRIMARY KEY (`user_id`)
) ENGINE=InnoDB DEFAULT CHARSET=utf8mb4 COLLATE=utf8mb4_unicode_ci COMMENT='Профили';
/*!40101 SET character_set_client = @saved_cs_client */;

--
-- Dumping data for table `profiles`
--

LOCK TABLES `profiles` WRITE;
/*!40000 ALTER TABLE `profiles` DISABLE KEYS */;
INSERT INTO `profiles` VALUES (1,'f','1971-08-01',41,2,'New Ramon','Finland','1986-11-17 20:55:00','2022-09-11 12:39:15'),(2,'f','2021-04-10',67,2,'Rodgerbury','Hawaii','1999-09-18 20:43:55','2022-09-11 12:39:15'),(3,'f','1994-04-23',9,1,'Jonathanberg','Ecuador','2017-02-21 12:53:35','2022-09-11 12:39:15'),(4,'f','1998-10-01',44,1,'New Andrewview','Denmark','2016-07-02 04:10:28','2022-09-11 12:39:15'),(5,'f','2001-10-21',94,2,'Port Alfredo','Mexico','2012-12-14 03:31:05','2022-09-11 12:39:15'),(6,'f','1974-01-23',38,2,'Helenahaven','Japan','1976-08-16 03:08:54','2022-09-11 12:39:15'),(7,'m','2010-09-17',7,2,'Port Augusta','New Zeland','2004-08-04 01:01:02','2022-09-11 12:39:15'),(8,'m','1989-07-24',22,2,'Port Loriville','Finland','1982-01-22 21:22:37','2022-09-11 12:39:15'),(9,'f','2016-10-08',86,1,'South Mafaldafort','Canada','1999-10-25 14:39:16','2022-09-11 12:39:15'),(10,'m','1990-02-15',66,2,'Port Monty','Australia','2011-01-17 13:38:23','2022-09-11 12:39:15'),(11,'m','2004-05-10',72,2,'Petraton','Hawaii','2017-07-01 22:07:30','2022-09-11 12:39:15'),(12,'f','2015-01-04',61,1,'Schulistbury','Hawaii','1975-06-14 22:31:10','2022-09-11 12:39:15'),(13,'m','2005-08-17',89,1,'Gloriahaven','New Zeland','1990-02-13 03:45:25','2022-09-11 12:39:15'),(14,'f','1971-11-01',60,1,'Edythville','Ecuador','1973-02-10 12:21:51','2022-09-11 12:39:15'),(15,'m','1982-04-30',35,1,'Port Oralton','Canada','2009-11-02 15:51:38','2022-09-11 12:39:15'),(16,'m','2014-03-30',93,1,'North Eladiohaven','Finland','1982-11-01 03:15:21','2022-09-11 12:39:15'),(17,'f','2010-12-09',58,1,'East Christop','Denmark','2013-01-15 00:34:38','2022-09-11 12:39:15'),(18,'f','2003-05-01',10,2,'Sanfordmouth','Russia','1996-03-13 14:40:09','2022-09-11 12:39:15'),(19,'m','1982-12-24',77,1,'South Alvinaborough','New Zeland','1988-03-02 02:35:08','2022-09-11 12:39:15'),(20,'f','1976-02-16',53,2,'New Zachariah','Ecuador','2010-01-25 16:44:33','2022-09-11 12:39:15'),(21,'f','2007-11-09',33,2,'Farrellchester','Russia','1999-08-22 11:16:55','2022-09-11 12:39:15'),(22,'f','1983-05-18',8,1,'North Oscartown','Canada','1984-04-15 05:34:46','2022-09-11 12:39:15'),(23,'f','1981-02-14',41,2,'O\'Keefebury','Great Britain','1993-05-24 06:49:33','2022-09-11 12:39:15'),(24,'m','1975-03-28',79,1,'North Calistaburgh','Finland','2014-02-19 07:33:45','2022-09-11 12:39:15'),(25,'m','2011-02-24',74,1,'South Bria','Denmark','2014-02-11 01:53:29','2022-09-11 12:39:15'),(26,'f','1999-06-06',29,2,'North Myrticechester','Denmark','2002-04-19 00:17:38','2022-09-11 12:39:15'),(27,'m','2012-07-27',23,1,'Vicentafort','Turkey','2011-07-18 01:06:15','2022-09-11 12:39:15'),(28,'f','2004-10-02',29,2,'East Maehaven','Australia','1983-09-17 12:08:39','2022-09-11 12:39:15'),(29,'m','1981-10-20',74,2,'West Oma','Finland','1984-03-21 02:17:18','2022-09-11 12:39:15'),(30,'f','2011-04-10',84,1,'Lake Devinshire','Russia','1990-05-14 16:21:44','2022-09-11 12:39:15'),(31,'f','1991-11-30',97,2,'East Kaylee','Great Britain','2011-04-13 00:28:19','2022-09-11 12:39:15'),(32,'m','1973-12-07',31,2,'Lubowitzton','Ecuador','2007-02-26 09:45:08','2022-09-11 12:39:15'),(33,'m','1972-09-28',63,1,'Lake Bradly','Mexico','2002-10-21 10:52:40','2022-09-11 12:39:15'),(34,'m','2014-04-24',23,1,'Sheldonmouth','Japan','2008-07-11 15:05:31','2022-09-11 12:39:15'),(35,'f','2013-07-19',26,1,'Chaddhaven','Canada','2010-10-16 06:17:30','2022-09-11 12:39:15'),(36,'m','2017-10-02',58,1,'Paytonville','Great Britain','1987-01-04 02:07:01','2022-09-11 12:39:15'),(37,'m','1982-03-24',14,2,'North Gerhardmouth','Finland','1971-08-05 18:12:14','2022-09-11 12:39:15'),(38,'f','2005-10-29',93,2,'Daughertyville','Turkey','1991-07-31 11:44:55','2022-09-11 12:39:15'),(39,'m','1975-01-01',23,1,'Port Justenberg','Great Britain','2001-05-18 00:05:35','2022-09-11 12:39:15'),(40,'f','1976-04-03',34,1,'West Santiago','Denmark','1974-06-22 23:23:58','2022-09-11 12:39:15'),(41,'f','1997-01-09',1,2,'East Rocky','Australia','1985-05-12 09:16:24','2022-09-11 12:39:15'),(42,'f','2007-10-13',4,1,'Port Rosanna','USA','1973-10-24 16:49:37','2022-09-11 12:39:15'),(43,'f','1984-07-24',17,2,'Denesikmouth','Mexico','2021-02-10 22:40:00','2022-09-11 12:39:15'),(44,'m','1992-01-27',71,2,'North Bulahmouth','Mexico','1979-10-15 07:37:23','2022-09-11 12:39:15'),(45,'f','1998-11-10',3,2,'Jacobiberg','Russia','2017-07-31 07:41:09','2022-09-11 12:39:15'),(46,'f','2020-11-07',3,1,'East Arnaldoview','New Zeland','2016-02-14 06:28:16','2022-09-11 12:39:15'),(47,'m','1993-09-09',7,1,'New Andreane','Finland','1974-08-02 06:15:55','2022-09-11 12:39:15'),(48,'f','1986-03-25',24,2,'Port Yoshikomouth','Turkey','1984-10-01 12:34:27','2022-09-11 12:39:15'),(49,'m','1996-10-16',98,2,'Auerfort','New Zeland','1999-11-22 16:14:36','2022-09-11 12:39:15'),(50,'m','1989-10-20',19,1,'Ebertfort','Japan','1970-01-07 11:27:39','2022-09-11 12:39:15'),(51,'m','1982-06-04',100,2,'Narcisostad','Finland','1980-10-13 20:20:31','2022-09-11 12:39:15'),(52,'m','1986-01-04',41,1,'Carmelside','Russia','1993-02-06 18:17:18','2022-09-11 12:39:15'),(53,'f','1990-08-02',5,2,'Brucechester','Mexico','1977-01-06 04:20:12','2022-09-11 12:39:15'),(54,'f','1989-02-13',1,2,'Lake Alanisside','Japan','2019-11-15 12:54:26','2022-09-11 12:39:15'),(55,'m','1991-09-17',89,2,'North Sonnyside','New Zeland','2006-04-13 19:04:48','2022-09-11 12:39:15'),(56,'f','2022-06-17',41,2,'South Evertstad','Japan','2022-04-20 07:21:34','2022-09-11 12:39:15'),(57,'m','1970-03-05',36,2,'Wymanburgh','Australia','1970-11-21 18:23:54','2022-09-11 12:39:15'),(58,'m','1972-01-12',59,2,'North Viviannehaven','New Zeland','1994-05-09 13:39:55','2022-09-11 12:39:15'),(59,'m','2001-12-27',88,2,'Lake Roy','Japan','1986-04-27 13:21:32','2022-09-11 12:39:15'),(60,'f','1986-09-29',61,1,'West Merlbury','USA','1991-08-11 04:48:50','2022-09-11 12:39:15'),(61,'f','1978-01-22',39,2,'East Caitlyntown','Denmark','2004-11-10 21:15:40','2022-09-11 12:39:15'),(62,'m','1997-07-19',12,1,'Gloverton','Denmark','2017-07-22 20:54:26','2022-09-11 12:39:15'),(63,'m','2002-05-15',42,2,'South Juliannemouth','Mexico','1973-06-04 00:06:55','2022-09-11 12:39:15'),(64,'m','1983-08-31',73,1,'Runolfssonburgh','Canada','2015-10-18 01:53:53','2022-09-11 12:39:15'),(65,'f','2018-05-09',38,2,'West Nestorberg','USA','2018-12-25 05:21:26','2022-09-11 12:39:15'),(66,'m','2011-06-17',72,1,'South Omari','Finland','2003-07-07 00:52:13','2022-09-11 12:39:15'),(67,'m','1987-03-27',44,1,'Wardmouth','Denmark','2002-03-27 03:40:14','2022-09-11 12:39:15'),(68,'f','1992-05-01',4,1,'Websterville','Australia','1983-07-24 07:08:00','2022-09-11 12:39:15'),(69,'f','1993-11-25',86,2,'Lake Anne','Australia','2005-05-10 03:11:18','2022-09-11 12:39:15'),(70,'m','2007-09-06',19,1,'Jonesville','Canada','2015-07-16 06:28:06','2022-09-11 12:39:15'),(71,'f','2011-11-25',36,2,'West Mason','Hawaii','1987-05-16 08:03:57','2022-09-11 12:39:15'),(72,'m','1975-11-12',22,2,'Faheyfort','Turkey','1985-10-28 00:38:57','2022-09-11 12:39:15'),(73,'f','2000-06-06',100,2,'Lake Hildaborough','Canada','1989-03-23 01:33:47','2022-09-11 12:39:15'),(74,'m','2019-12-06',35,2,'Sebastianhaven','Great Britain','2005-09-15 16:36:01','2022-09-11 12:39:15'),(75,'f','1978-11-15',74,2,'New Cristianchester','Turkey','2002-10-17 07:45:07','2022-09-11 12:39:15'),(76,'f','1986-04-22',65,1,'Claudeport','Finland','1988-03-20 23:09:09','2022-09-11 12:39:15'),(77,'m','2001-11-09',1,2,'Aniyashire','New Zeland','1996-01-17 09:21:09','2022-09-11 12:39:15'),(78,'f','2022-06-03',10,1,'Catherinemouth','New Zeland','1975-04-08 07:18:29','2022-09-11 12:39:15'),(79,'m','2002-08-05',45,2,'Reynoldshaven','Japan','1971-06-05 16:59:03','2022-09-11 12:39:15'),(80,'f','1978-12-29',95,1,'West Kamren','New Zeland','1991-08-11 06:08:49','2022-09-11 12:39:15'),(81,'f','2021-10-24',39,2,'East Ernestina','Japan','2019-02-23 04:44:55','2022-09-11 12:39:15'),(82,'m','1997-05-17',12,1,'Port Ronmouth','Ecuador','1986-10-10 13:30:44','2022-09-11 12:39:15'),(83,'m','2009-12-28',41,1,'Lake Marshallstad','Denmark','1971-12-08 03:07:58','2022-09-11 12:39:15'),(84,'f','2001-06-22',67,2,'South Ethelshire','Great Britain','1983-10-08 00:45:05','2022-09-11 12:39:15'),(85,'m','2004-06-04',13,1,'Gabeberg','Great Britain','1991-10-19 07:46:39','2022-09-11 12:39:15'),(86,'m','2003-08-22',65,2,'East Leif','Japan','1985-03-14 17:49:55','2022-09-11 12:39:15'),(87,'f','1987-07-30',83,1,'Isabelstad','Canada','1972-02-20 17:01:54','2022-09-11 12:39:15'),(88,'f','2007-07-20',19,2,'South Skylarhaven','Mexico','2001-08-19 17:57:50','2022-09-11 12:39:15'),(89,'m','2015-05-13',46,2,'Port Angus','Australia','1992-10-25 02:49:53','2022-09-11 12:39:15'),(90,'f','2000-04-05',73,2,'South Meggiefurt','Canada','2022-03-08 23:29:08','2022-09-11 12:39:15'),(91,'f','1997-08-03',25,1,'New Napoleon','New Zeland','1985-10-18 03:11:34','2022-09-11 12:39:15'),(92,'f','1993-06-05',4,2,'South Dallas','Great Britain','1970-01-06 06:59:46','2022-09-11 12:39:15'),(93,'m','1980-05-06',48,2,'South Vito','Great Britain','1976-03-08 01:03:31','2022-09-11 12:39:15'),(94,'m','1980-03-07',26,2,'New Demarcus','USA','2015-09-02 21:47:56','2022-09-11 12:39:15'),(95,'m','2008-03-08',85,2,'Jonathonburgh','Ecuador','2016-05-22 19:05:18','2022-09-11 12:39:15'),(96,'f','1971-01-16',47,1,'North Ada','Ecuador','1995-02-02 16:44:52','2022-09-11 12:39:15'),(97,'m','1986-02-08',77,2,'West Arianeborough','Denmark','1971-07-08 22:16:37','2022-09-11 12:39:15'),(98,'f','2007-12-26',47,1,'Naderville','USA','1981-09-21 07:01:33','2022-09-11 12:39:15'),(99,'f','2015-09-05',1,1,'Klinghaven','Finland','2005-03-22 14:39:34','2022-09-11 12:39:15'),(100,'m','1983-01-30',64,2,'Ritchieport','USA','2002-04-30 08:11:23','2022-09-11 12:39:15');
/*!40000 ALTER TABLE `profiles` ENABLE KEYS */;
UNLOCK TABLES;

--
-- Table structure for table `user_status`
--

DROP TABLE IF EXISTS `user_status`;
/*!40101 SET @saved_cs_client     = @@character_set_client */;
/*!50503 SET character_set_client = utf8mb4 */;
CREATE TABLE `user_status` (
  `id` int unsigned NOT NULL AUTO_INCREMENT COMMENT 'Идентификатор строки',
  `name` varchar(100) NOT NULL COMMENT 'Название статуса (уникальное)',
  `created_at` datetime DEFAULT CURRENT_TIMESTAMP COMMENT 'Время создания строки',
  `updated_at` datetime DEFAULT CURRENT_TIMESTAMP ON UPDATE CURRENT_TIMESTAMP COMMENT 'Время обновления строки',
  PRIMARY KEY (`id`)
) ENGINE=InnoDB AUTO_INCREMENT=3 DEFAULT CHARSET=utf8mb4 COLLATE=utf8mb4_0900_ai_ci COMMENT='Уникальный статус';
/*!40101 SET character_set_client = @saved_cs_client */;

--
-- Dumping data for table `user_status`
--

LOCK TABLES `user_status` WRITE;
/*!40000 ALTER TABLE `user_status` DISABLE KEYS */;
INSERT INTO `user_status` VALUES (1,'single','2022-09-11 11:36:54','2022-09-11 11:36:54'),(2,'married','2022-09-11 11:36:54','2022-09-11 11:36:54');
/*!40000 ALTER TABLE `user_status` ENABLE KEYS */;
UNLOCK TABLES;

--
-- Table structure for table `users`
--

DROP TABLE IF EXISTS `users`;
/*!40101 SET @saved_cs_client     = @@character_set_client */;
/*!50503 SET character_set_client = utf8mb4 */;
CREATE TABLE `users` (
  `id` int unsigned NOT NULL AUTO_INCREMENT COMMENT 'Идентификатор строки',
  `first_name` varchar(20) CHARACTER SET utf8mb4 COLLATE utf8mb4_unicode_ci NOT NULL COMMENT 'Имя пользователя',
  `last_name` varchar(20) CHARACTER SET utf8mb4 COLLATE utf8mb4_unicode_ci NOT NULL COMMENT 'Фамилия пользователя',
  `email` varchar(100) CHARACTER SET utf8mb4 COLLATE utf8mb4_unicode_ci NOT NULL COMMENT 'Почта',
  `phone` varchar(12) CHARACTER SET utf8mb4 COLLATE utf8mb4_unicode_ci NOT NULL COMMENT 'Телефон',
  `created_at` datetime DEFAULT CURRENT_TIMESTAMP COMMENT 'Время создания строки',
  `updated_at` datetime DEFAULT CURRENT_TIMESTAMP ON UPDATE CURRENT_TIMESTAMP COMMENT 'Время обновления строки',
  PRIMARY KEY (`id`),
  UNIQUE KEY `email` (`email`),
  UNIQUE KEY `phone` (`phone`)
) ENGINE=InnoDB AUTO_INCREMENT=101 DEFAULT CHARSET=utf8mb4 COLLATE=utf8mb4_unicode_ci COMMENT='Пользователи';
/*!40101 SET character_set_client = @saved_cs_client */;

--
-- Dumping data for table `users`
--

LOCK TABLES `users` WRITE;
/*!40000 ALTER TABLE `users` DISABLE KEYS */;
INSERT INTO `users` VALUES (1,'Alba','Mayer','yessenia46@example.net','1-388-986-18','2016-07-18 18:29:18','2022-09-11 11:02:51'),(2,'Jarod','Leannon','cade.bosco@example.org','1-797-524-08','2004-10-21 20:55:36','2022-09-11 11:02:51'),(3,'Kimberly','Stracke','gprice@example.com','176-009-0014','1981-11-08 03:15:41','1990-10-18 06:02:01'),(4,'Brannon','Sawayn','julius.stokes@example.com','06614025340','2007-03-04 02:20:26','2022-09-11 11:02:51'),(5,'Annamarie','Turcotte','zwolff@example.net','318.507.1382','2007-06-27 01:29:26','2016-03-10 12:02:28'),(6,'Erna','Bahringer','lesch.jedediah@example.net','412-884-5255','1997-09-06 14:02:21','2011-12-12 20:00:09'),(7,'Ilene','Weimann','avis.harris@example.com','190.360.3674','1995-11-28 08:14:19','2022-09-11 11:02:51'),(8,'Kelsie','Donnelly','craig.little@example.org','1-031-816-31','1973-04-10 03:05:17','2000-04-09 09:56:10'),(9,'Austin','Rutherford','gislason.leann@example.net','1-864-573-89','2005-10-27 23:11:46','2022-09-11 11:02:51'),(10,'Tad','Lindgren','jbeer@example.com','(812)255-750','2013-07-08 13:21:10','2022-09-11 11:02:51'),(11,'Winfield','Stracke','karolann83@example.com','(651)173-139','2005-03-28 18:28:22','2022-09-11 11:02:51'),(12,'Jarod','Olson','jones.giuseppe@example.com','592-151-8453','2021-05-14 18:17:56','2022-09-11 11:02:51'),(13,'Isobel','Nitzsche','jarret72@example.net','844.614.6121','2000-01-12 00:19:28','2000-08-13 15:59:50'),(14,'Emmie','Volkman','wintheiser.steve@example.org','(479)484-099','2005-12-21 02:33:05','2022-09-11 11:02:51'),(15,'Damian','Rohan','rollin57@example.net','08641350752','2005-07-26 06:58:01','2022-09-11 11:02:51'),(16,'Verla','Moen','tad.sawayn@example.com','1-537-422-26','1972-09-28 08:38:45','2012-05-31 02:42:16'),(17,'Gregoria','Willms','grady.eloise@example.net','01768102960','1982-04-14 00:53:10','2019-03-12 03:13:03'),(18,'Everardo','Nolan','moore.kamren@example.com','+54(8)309855','2010-07-29 07:17:28','2022-09-11 11:02:51'),(19,'Gertrude','VonRueden','marquardt.jana@example.org','00670275895','2013-11-03 10:47:06','2019-01-11 16:27:45'),(20,'Hiram','Baumbach','cheller@example.org','922.806.9954','2000-04-21 01:58:14','2022-09-11 11:02:51'),(21,'Velva','O\'Conner','wintheiser.gerda@example.net','+33(7)373915','1987-07-24 16:44:08','2002-09-17 20:25:14'),(22,'Kaylin','Wisoky','jacobs.rosanna@example.net','046-331-7692','1973-02-02 18:27:22','2008-04-02 10:15:53'),(23,'Macey','Fahey','kristopher.king@example.com','+61(4)369280','2003-04-28 06:53:02','2022-09-11 11:02:51'),(24,'Jan','Schuppe','howe.hollie@example.org','346-614-1301','1971-10-24 07:01:39','2017-02-24 21:44:01'),(25,'Mariane','Pfannerstill','cschimmel@example.org','+19(3)869540','1977-11-15 07:27:46','1981-06-24 17:51:59'),(26,'Susanna','Davis','preston67@example.com','1-160-751-09','2014-11-17 08:09:58','2022-09-11 11:02:51'),(27,'Seth','Bailey','ylubowitz@example.net','415.319.2541','1976-08-22 08:45:04','2002-07-04 06:01:51'),(28,'Trystan','Labadie','precious21@example.net','104.972.9592','2015-11-11 13:37:09','2022-09-11 11:02:51'),(29,'Filomena','Wilderman','sadie.graham@example.net','+96(4)114714','2009-05-13 17:09:06','2022-09-11 11:02:51'),(30,'Jamal','Harvey','zechariah.bradtke@example.net','(942)949-172','1992-02-27 16:09:36','2002-08-02 13:46:51'),(31,'Marlen','Wunsch','xlindgren@example.net','053-734-1233','2018-03-06 01:38:18','2022-09-11 11:02:51'),(32,'Lorenza','Barton','keira.schmidt@example.com','899.889.4669','2020-04-05 22:03:23','2022-09-11 11:02:51'),(33,'Hollie','Halvorson','ppouros@example.com','309-664-8344','1975-05-05 22:35:37','2002-08-28 18:53:13'),(34,'Opal','Ryan','gerlach.granville@example.com','+97(6)330433','2005-03-29 01:25:00','2017-11-29 23:01:53'),(35,'Marina','Hoppe','purdy.kaylie@example.com','1-956-142-95','2004-02-03 09:47:12','2022-09-11 11:02:51'),(36,'Cordie','Rippin','nora.sauer@example.com','1-106-747-44','1978-12-05 01:21:49','2020-10-09 20:55:46'),(37,'Kaci','Johnson','micheal13@example.org','255.332.5740','2011-12-02 12:44:58','2022-09-11 11:02:51'),(38,'Chauncey','Gerlach','lbailey@example.net','(224)244-018','2020-10-21 13:42:39','2022-09-11 11:02:51'),(39,'Eileen','Mosciski','jreinger@example.net','03933493092','1996-06-25 18:46:16','2018-06-13 00:26:28'),(40,'Myrna','Powlowski','dante11@example.org','1-713-913-52','2016-10-09 08:07:26','2022-09-11 11:02:51'),(41,'Orpha','Schaden','no\'conner@example.com','308-285-7285','2016-03-26 13:27:33','2022-09-11 11:02:51'),(42,'Abagail','Turcotte','tpurdy@example.com','111-356-1655','1993-05-02 19:14:55','1997-02-23 04:14:56'),(43,'Reva','Cartwright','brooke31@example.org','646-162-7351','1982-08-16 23:23:35','1988-08-22 20:56:28'),(44,'Grace','Green','rgislason@example.org','378.361.4931','1981-06-18 20:22:35','2021-02-04 11:54:55'),(45,'Madalyn','Schmeler','fheidenreich@example.com','1-415-781-18','1978-07-06 05:30:22','1990-12-22 18:49:11'),(46,'Axel','Nader','bins.aisha@example.com','1-602-442-25','2005-11-29 23:49:55','2022-09-11 11:02:51'),(47,'Leopold','Ferry','imckenzie@example.com','(109)592-168','1984-07-27 06:05:56','2013-04-10 19:00:30'),(48,'Chyna','Hettinger','dewayne89@example.net','+44(7)596774','1982-01-07 15:48:21','2001-12-30 08:35:21'),(49,'Anna','Champlin','hermann.kristina@example.org','586.837.1108','1973-12-15 12:51:29','2002-02-18 19:27:21'),(50,'Kody','Bauch','wisoky.dessie@example.org','1-750-196-18','1988-06-05 23:51:50','2019-06-16 06:38:41'),(51,'Kenya','Yost','parker.wunsch@example.net','744-134-7987','1982-02-25 09:27:39','1999-05-30 00:53:45'),(52,'Newton','Barton','jkeeling@example.com','762-295-2577','1988-11-20 17:29:32','2022-09-11 11:02:51'),(53,'Andres','Zulauf','kasandra.botsford@example.com','486.719.3598','1999-08-31 10:06:15','2022-09-11 11:02:51'),(54,'Hazel','Ruecker','ana39@example.org','+55(6)233900','2005-01-17 01:06:04','2022-09-11 11:02:51'),(55,'Alize','Corkery','richard.gislason@example.net','648-641-3694','1976-04-08 09:07:21','1991-03-14 16:39:05'),(56,'Mercedes','Greenfelder','emiliano.crist@example.com','1-223-687-91','2004-01-02 00:59:39','2022-09-11 11:02:51'),(57,'Claudie','Nader','terence.morar@example.net','771-805-6750','1992-04-15 03:56:22','1992-07-16 05:17:03'),(58,'Domenica','Fisher','xhermann@example.com','1-080-741-21','1986-11-11 14:19:40','2013-02-03 16:23:32'),(59,'Reynold','Ratke','casper.jailyn@example.org','1-985-272-13','1996-10-11 08:29:58','2022-09-11 11:02:51'),(60,'Unique','Rosenbaum','ebert.osborne@example.com','095-231-1397','1980-08-09 05:42:49','1982-01-29 21:29:29'),(61,'Ona','Purdy','elissa.pagac@example.com','(336)949-952','1979-08-25 08:46:02','2008-04-18 11:39:18'),(62,'Uriel','Runte','chelsey.gibson@example.net','585-827-1317','2004-02-15 20:21:20','2018-04-18 06:22:35'),(63,'Gino','Crooks','kelli.bernier@example.net','229.145.1692','2008-12-25 20:47:45','2022-09-11 11:02:51'),(64,'Montana','Braun','jbeer@example.org','(797)825-100','1995-10-15 02:33:20','1995-11-15 23:57:00'),(65,'Anabelle','Jacobs','feest.rylee@example.net','(815)307-293','1976-03-22 12:26:10','2022-09-11 11:02:51'),(66,'Travis','Barrows','runolfsdottir.napoleon@example.net','171.286.9690','2013-03-09 05:40:45','2020-01-18 17:49:21'),(67,'Jordyn','Walsh','schultz.mattie@example.com','217-659-8725','1980-03-12 12:33:13','2022-09-11 11:02:51'),(68,'Russell','McLaughlin','clinton11@example.org','827.544.3166','1997-01-19 22:15:01','2003-03-30 14:19:27'),(69,'Katelynn','Schaden','katrine.kassulke@example.net','1-692-645-13','1998-08-11 13:28:48','2022-09-11 11:02:51'),(70,'Dario','Haag','rpaucek@example.com','03627211725','1998-01-29 06:27:54','2022-09-11 11:02:51'),(71,'Victoria','Kuvalis','audie13@example.org','911.692.9871','1973-12-20 08:25:36','2011-04-29 19:48:10'),(72,'Lue','Pfeffer','darren01@example.org','184.971.5789','1986-03-08 17:20:52','1989-05-31 11:39:54'),(73,'Hellen','Bernhard','christian52@example.org','+43(5)307824','2019-06-12 00:11:49','2022-09-11 11:02:51'),(74,'Alexandrea','O\'Reilly','virgie.wisoky@example.org','1-149-947-99','1985-04-07 12:01:26','2022-09-11 11:02:51'),(75,'Sandra','Dickinson','osinski.stanton@example.net','06158876441','2004-11-30 14:29:58','2006-04-27 07:32:42'),(76,'Willy','Ankunding','kayley.willms@example.net','328.766.8239','1977-09-15 18:36:00','2009-12-04 08:55:17'),(77,'Axel','Mraz','katrina52@example.com','353-022-1618','2013-07-29 14:21:29','2022-09-11 11:02:51'),(78,'Amya','Grady','domenica.lang@example.com','1-877-772-44','1971-12-02 00:57:53','1988-04-20 04:57:54'),(79,'Julius','Jenkins','jlittle@example.net','(892)858-374','2005-04-29 16:23:13','2017-07-17 18:03:10'),(80,'Vicente','Schoen','crystal.bruen@example.com','(864)253-780','2001-08-16 16:05:32','2021-08-07 05:56:59'),(81,'Walter','Moore','kroob@example.org','781.427.0869','2017-09-12 19:11:38','2022-09-11 11:02:51'),(82,'Osvaldo','Ruecker','dquigley@example.org','1-165-810-40','2003-04-14 23:26:55','2017-03-01 20:54:15'),(83,'Amparo','Bode','sjones@example.com','554.260.1102','1982-04-26 22:52:23','2022-09-11 11:02:51'),(84,'Kathlyn','DuBuque','francisca.dach@example.net','1-384-090-70','1985-12-18 08:46:53','2016-02-02 11:26:11'),(85,'Marguerite','Howell','gilda.kertzmann@example.org','(237)819-152','2001-02-03 10:17:26','2012-01-02 15:54:28'),(86,'Angie','Bins','dibbert.jacinthe@example.org','1-237-812-75','1978-06-23 22:41:13','1996-08-31 21:12:02'),(87,'Jana','Tillman','olson.amara@example.com','675.629.3378','1978-09-13 16:00:19','2015-10-25 21:07:55'),(88,'Sadie','Braun','ggerhold@example.net','505-021-4874','2010-12-01 01:34:38','2022-09-11 11:02:51'),(89,'Mitchel','Sipes','dwilkinson@example.org','1-853-382-55','1978-04-12 17:31:40','1994-04-25 05:18:46'),(90,'Kolby','Bergnaum','tanner.gibson@example.com','270.249.4392','1991-03-07 21:32:36','2022-09-11 11:02:51'),(91,'Garrett','Langworth','quigley.jorge@example.net','(956)575-606','1983-07-23 12:30:39','1999-06-01 03:53:29'),(92,'Destini','Mohr','cordie.von@example.com','06393561248','1999-04-04 20:45:53','2022-09-11 11:02:51'),(93,'Marian','Doyle','qberge@example.net','915-599-8851','1977-04-04 20:01:19','2015-11-18 07:21:17'),(94,'Caroline','Pollich','judah78@example.com','217.790.9204','2007-05-06 20:32:41','2012-09-16 13:54:56'),(95,'Stefan','Strosin','rath.jevon@example.net','1-154-605-37','1982-10-07 22:24:43','1993-11-23 02:36:22'),(96,'Ephraim','Bogisich','manley56@example.net','09415063168','1978-12-25 16:59:30','2022-09-11 11:02:51'),(97,'Dortha','Okuneva','jerrod.schuster@example.net','(519)878-403','1988-01-03 07:11:08','1988-07-29 15:56:25'),(98,'Freddie','Hegmann','owisoky@example.org','07087523843','1979-11-18 22:41:20','1986-02-18 20:24:25'),(99,'Joshua','Ryan','tatyana.johnston@example.net','(844)126-882','1993-03-16 04:01:54','2005-06-03 00:50:15'),(100,'Hal','Kling','lemke.magali@example.org','618.750.4292','2001-11-10 18:39:02','2022-09-11 11:02:51');
/*!40000 ALTER TABLE `users` ENABLE KEYS */;
UNLOCK TABLES;

--
-- Table structure for table `users_likes`
--

DROP TABLE IF EXISTS `users_likes`;
/*!40101 SET @saved_cs_client     = @@character_set_client */;
/*!50503 SET character_set_client = utf8mb4 */;
CREATE TABLE `users_likes` (
  `id` int unsigned NOT NULL AUTO_INCREMENT COMMENT 'Идентификатор строки',
  `from_user_id` int unsigned NOT NULL COMMENT 'Ссылка на пользователя, который поставил лайк',
  `user_id` int unsigned NOT NULL COMMENT 'Ссылка на пользователя, которому поставили лайк',
  `created_at` datetime DEFAULT CURRENT_TIMESTAMP COMMENT 'Время создания строки',
  `updated_at` datetime DEFAULT CURRENT_TIMESTAMP ON UPDATE CURRENT_TIMESTAMP COMMENT 'Время обновления строки',
  PRIMARY KEY (`id`)
) ENGINE=InnoDB AUTO_INCREMENT=101 DEFAULT CHARSET=utf8mb4 COLLATE=utf8mb4_unicode_ci COMMENT='Лайки пользователей';
/*!40101 SET character_set_client = @saved_cs_client */;

--
-- Dumping data for table `users_likes`
--

LOCK TABLES `users_likes` WRITE;
/*!40000 ALTER TABLE `users_likes` DISABLE KEYS */;
INSERT INTO `users_likes` VALUES (1,30,48,'1980-05-01 20:36:10','2022-09-11 19:14:15'),(2,31,4,'1986-11-01 05:40:55','2022-09-11 19:14:15'),(3,12,41,'1975-09-28 17:55:38','2022-09-11 19:14:15'),(4,36,34,'2009-08-25 13:50:02','2022-09-11 19:14:15'),(5,83,78,'1976-09-14 16:25:47','2022-09-11 19:14:15'),(6,36,77,'1970-07-06 22:01:20','2022-09-11 19:14:15'),(7,40,50,'2003-05-08 04:24:18','2022-09-11 19:14:15'),(8,33,51,'1981-11-19 22:30:02','2022-09-11 19:14:15'),(9,64,13,'1977-04-01 22:24:11','2022-09-11 19:14:15'),(10,18,82,'1970-03-30 10:56:02','2022-09-11 19:14:15'),(11,59,43,'1988-06-26 03:10:45','2022-09-11 19:14:15'),(12,57,67,'1976-05-23 05:29:40','2022-09-11 19:14:15'),(13,46,83,'1976-10-30 10:28:27','2022-09-11 19:14:15'),(14,49,77,'2004-10-21 17:55:39','2022-09-11 19:14:15'),(15,7,11,'1995-08-08 00:00:48','2022-09-11 19:14:15'),(16,99,4,'1972-03-16 01:19:44','2022-09-11 19:14:15'),(17,9,81,'2015-12-20 08:43:30','2022-09-11 19:14:15'),(18,72,100,'1983-03-22 01:52:05','2022-09-11 19:14:15'),(19,92,62,'2011-05-01 12:12:12','2022-09-11 19:14:15'),(20,86,72,'2014-11-18 01:27:23','2022-09-11 19:14:15'),(21,99,11,'1989-08-07 09:23:21','2022-09-11 19:14:15'),(22,97,59,'2000-04-16 21:20:32','2022-09-11 19:14:15'),(23,60,11,'1993-03-14 08:21:15','2022-09-11 19:14:15'),(24,57,68,'2017-12-22 08:34:35','2022-09-11 19:14:15'),(25,46,84,'2011-05-09 10:04:54','2022-09-11 19:14:15'),(26,57,79,'1974-08-05 11:46:58','2022-09-11 19:14:15'),(27,67,48,'2011-03-04 19:02:17','2022-09-11 19:14:15'),(28,47,89,'1999-03-29 16:18:11','2022-09-11 19:14:15'),(29,83,65,'1972-05-27 17:34:16','2022-09-11 19:14:15'),(30,53,21,'2021-04-07 07:46:09','2022-09-11 19:14:15'),(31,59,4,'2005-11-19 03:57:14','2022-09-11 19:14:15'),(32,45,85,'2018-04-04 20:49:14','2022-09-11 19:14:15'),(33,12,69,'1995-10-23 01:10:23','2022-09-11 19:14:15'),(34,28,53,'2002-05-31 21:50:25','2022-09-11 19:14:15'),(35,23,82,'1987-10-08 22:56:14','2022-09-11 19:14:15'),(36,71,68,'1990-03-03 13:40:54','2022-09-11 19:14:15'),(37,47,52,'1976-01-17 03:13:41','2022-09-11 19:14:15'),(38,49,78,'1992-08-28 07:21:08','2022-09-11 19:14:15'),(39,100,9,'2019-12-02 18:19:24','2022-09-11 19:14:15'),(40,56,71,'1983-12-15 10:04:59','2022-09-11 19:14:15'),(41,68,68,'1987-08-14 15:07:05','2022-09-11 19:14:15'),(42,82,37,'2002-06-04 08:05:10','2022-09-11 19:14:15'),(43,36,96,'2011-03-24 01:07:51','2022-09-11 19:14:15'),(44,40,90,'2016-05-30 18:45:36','2022-09-11 19:14:15'),(45,36,31,'1979-08-10 19:27:57','2022-09-11 19:14:15'),(46,21,86,'2009-12-10 07:17:07','2022-09-11 19:14:15'),(47,71,47,'1976-08-20 15:34:39','2022-09-11 19:14:15'),(48,50,12,'2010-05-15 14:14:00','2022-09-11 19:14:15'),(49,100,10,'2018-07-02 20:35:56','2022-09-11 19:14:15'),(50,52,71,'1976-10-23 04:58:14','2022-09-11 19:14:15'),(51,85,48,'2018-12-02 05:19:15','2022-09-11 19:14:15'),(52,39,79,'2016-02-15 05:23:52','2022-09-11 19:14:15'),(53,79,59,'2019-06-18 07:21:44','2022-09-11 19:14:15'),(54,41,16,'2013-05-10 06:09:30','2022-09-11 19:14:15'),(55,61,57,'1972-07-27 01:39:35','2022-09-11 19:14:15'),(56,89,35,'1979-10-07 19:57:00','2022-09-11 19:14:15'),(57,45,43,'2002-06-30 23:01:28','2022-09-11 19:14:15'),(58,41,95,'2002-09-20 10:26:45','2022-09-11 19:14:15'),(59,70,19,'2009-02-22 18:30:37','2022-09-11 19:14:15'),(60,52,92,'2010-01-11 04:33:01','2022-09-11 19:14:15'),(61,53,82,'2016-05-26 03:11:37','2022-09-11 19:14:15'),(62,40,20,'1998-06-03 11:12:06','2022-09-11 19:14:15'),(63,76,39,'2013-10-29 07:42:11','2022-09-11 19:14:15'),(64,76,61,'1994-06-29 15:49:25','2022-09-11 19:14:15'),(65,55,97,'1990-07-12 20:29:50','2022-09-11 19:14:15'),(66,60,85,'2010-01-09 22:52:49','2022-09-11 19:14:15'),(67,38,44,'1999-06-09 14:08:57','2022-09-11 19:14:15'),(68,75,58,'1987-06-12 13:51:10','2022-09-11 19:14:15'),(69,72,99,'1982-02-09 22:11:42','2022-09-11 19:14:15'),(70,1,64,'1997-08-23 06:27:29','2022-09-11 19:14:15'),(71,71,15,'2000-02-05 05:50:09','2022-09-11 19:14:15'),(72,29,9,'1997-07-17 21:54:29','2022-09-11 19:14:15'),(73,17,21,'2015-12-04 03:36:47','2022-09-11 19:14:15'),(74,49,20,'1982-01-16 16:57:05','2022-09-11 19:14:15'),(75,74,84,'1970-11-13 07:14:19','2022-09-11 19:14:15'),(76,69,19,'1981-11-06 09:52:37','2022-09-11 19:14:15'),(77,36,89,'1972-01-11 11:51:05','2022-09-11 19:14:15'),(78,51,12,'2015-10-26 16:19:27','2022-09-11 19:14:15'),(79,45,20,'2018-05-20 11:07:00','2022-09-11 19:14:15'),(80,93,66,'2020-06-06 08:12:27','2022-09-11 19:14:15'),(81,57,67,'1976-05-30 11:03:08','2022-09-11 19:14:15'),(82,44,83,'1984-05-09 23:50:37','2022-09-11 19:14:15'),(83,24,71,'1991-10-13 03:03:28','2022-09-11 19:14:15'),(84,45,3,'1975-02-04 02:03:29','2022-09-11 19:14:15'),(85,32,13,'2003-01-20 10:18:44','2022-09-11 19:14:15'),(86,100,19,'2016-04-13 07:48:59','2022-09-11 19:14:15'),(87,6,41,'2009-08-25 11:16:44','2022-09-11 19:14:15'),(88,13,6,'1998-03-07 10:16:56','2022-09-11 19:14:15'),(89,85,45,'1993-11-14 09:43:22','2022-09-11 19:14:15'),(90,88,89,'1989-10-14 20:59:38','2022-09-11 19:14:15'),(91,11,75,'2000-04-14 06:37:32','2022-09-11 19:14:15'),(92,11,29,'2015-11-06 03:55:00','2022-09-11 19:14:15'),(93,3,67,'2019-08-08 22:14:25','2022-09-11 19:14:15'),(94,49,12,'1977-02-19 12:03:01','2022-09-11 19:14:15'),(95,10,12,'1988-05-11 02:11:28','2022-09-11 19:14:15'),(96,41,14,'1989-03-25 20:51:02','2022-09-11 19:14:15'),(97,92,63,'1996-10-13 08:39:28','2022-09-11 19:14:15'),(98,78,71,'1991-02-17 03:18:57','2022-09-11 19:14:15'),(99,46,76,'1976-01-18 04:42:18','2022-09-11 19:14:15'),(100,60,99,'2001-09-30 06:46:45','2022-09-11 19:14:15');
/*!40000 ALTER TABLE `users_likes` ENABLE KEYS */;
UNLOCK TABLES;
/*!40103 SET TIME_ZONE=@OLD_TIME_ZONE */;

/*!40101 SET SQL_MODE=@OLD_SQL_MODE */;
/*!40014 SET FOREIGN_KEY_CHECKS=@OLD_FOREIGN_KEY_CHECKS */;
/*!40014 SET UNIQUE_CHECKS=@OLD_UNIQUE_CHECKS */;
/*!40101 SET CHARACTER_SET_CLIENT=@OLD_CHARACTER_SET_CLIENT */;
/*!40101 SET CHARACTER_SET_RESULTS=@OLD_CHARACTER_SET_RESULTS */;
/*!40101 SET COLLATION_CONNECTION=@OLD_COLLATION_CONNECTION */;
/*!40111 SET SQL_NOTES=@OLD_SQL_NOTES */;

-- Dump completed on 2022-09-11 19:23:10
